Date,lat_group,param,value
2019-07-01,4,PM10,12.6567604175
2019-07-01,4,PM25,8.7820520825
2019-07-01,3,PM10,20.927632153666664
2019-07-01,3,PM25,10.205183017777777
2019-07-01,2,PM10,19.071706502944444
2019-07-01,2,PM25,10.593954255583334
2019-07-01,1,PM10,12.9839375
2019-07-01,1,PM25,5.750829048125
2019-07-02,4,PM10,12.151985119999999
2019-07-02,4,PM25,7.175959822499999
2019-07-02,3,PM10,27.972564815555554
2019-07-02,3,PM25,13.582528718888888
2019-07-02,2,PM10,24.06622904863889
2019-07-02,2,PM25,13.274373183444444
2019-07-02,1,PM10,12.947156249625
2019-07-02,1,PM25,6.28872826525
2019-07-03,4,PM10,10.7138125
2019-07-03,4,PM25,5.77857337
2019-07-03,3,PM10,20.85088425888889
2019-07-03,3,PM25,10.224598581555556
2019-07-03,2,PM10,21.531746632416667
2019-07-03,2,PM25,11.03412042625
2019-07-03,1,PM10,15.01789650125
2019-07-03,1,PM25,6.71920106675
2019-07-04,4,PM10,4.1383238625
2019-07-04,4,PM25,1.787827075
2019-07-04,3,PM10,8.702555555111111
2019-07-04,3,PM25,4.566234544111111
2019-07-04,2,PM10,10.761911485944445
2019-07-04,2,PM25,5.075956859722222
2019-07-04,1,PM10,8.617963541750001
2019-07-04,1,PM25,4.668807562125
2019-07-05,4,PM10,1.93216666675
2019-07-05,4,PM25,0.79201041675
2019-07-05,3,PM10,8.274925926666667
2019-07-05,3,PM25,4.117375515
2019-07-05,2,PM10,9.210667864055557
2019-07-05,2,PM25,4.215724973
2019-07-05,1,PM10,6.689927083375
2019-07-05,1,PM25,3.84927672075
2019-07-06,4,PM10,3.0562291667499997
2019-07-06,4,PM25,1.0091666665
2019-07-06,3,PM10,7.141902778111111
2019-07-06,3,PM25,3.559063276111111
2019-07-06,2,PM10,9.396371477583333
2019-07-06,2,PM25,6.358900175638889
2019-07-06,1,PM10,8.06809374875
2019-07-06,1,PM25,5.64317571625
2019-07-07,4,PM10,3.9562395835000004
2019-07-07,4,PM25,2.1393125
2019-07-07,3,PM10,9.822212962666667
2019-07-07,3,PM25,6.025720369777778
2019-07-07,2,PM10,10.80414583363889
2019-07-07,2,PM25,6.740620798444445
2019-07-07,1,PM10,6.819333333875
2019-07-07,1,PM25,4.10862922025
2019-07-08,4,PM10,4.87519791575
2019-07-08,4,PM25,4.062437500750001
2019-07-08,3,PM10,7.6530557962222225
2019-07-08,3,PM25,4.474895914444445
2019-07-08,2,PM10,10.28461416286111
2019-07-08,2,PM25,6.85154441311111
2019-07-08,1,PM10,3.9914947916249996
2019-07-08,1,PM25,2.27699508
2019-07-09,4,PM10,4.81223958425
2019-07-09,4,PM25,4.16193749925
2019-07-09,3,PM10,9.414953705
2019-07-09,3,PM25,6.295607822555556
2019-07-09,2,PM10,9.492871687277777
2019-07-09,2,PM25,5.474820004888889
2019-07-09,1,PM10,5.198135417125
2019-07-09,1,PM25,3.4147047295
2019-07-10,4,PM10,6.10888447075
2019-07-10,4,PM25,5.08132007675
2019-07-10,3,PM10,13.201581321555556
2019-07-10,3,PM25,8.948060984444444
2019-07-10,2,PM10,10.197950965944445
2019-07-10,2,PM25,6.076099838277778
2019-07-10,1,PM10,4.940781250375
2019-07-10,1,PM25,3.8467996207499997
2019-07-11,4,PM10,5.26216666675
2019-07-11,4,PM25,2.59140625
2019-07-11,3,PM10,18.942383334444443
2019-07-11,3,PM25,8.596787589111111
2019-07-11,2,PM10,13.409924734805555
2019-07-11,2,PM25,5.1187775605
2019-07-11,1,PM10,10.053863165
2019-07-11,1,PM25,3.12205358625
2019-07-12,4,PM10,5.9921458342500005
2019-07-12,4,PM25,3.9126458325
2019-07-12,3,PM10,17.674384257777778
2019-07-12,3,PM25,7.556182742444444
2019-07-12,2,PM10,15.195467592694444
2019-07-12,2,PM25,6.107118934583333
2019-07-12,1,PM10,9.643187500875
2019-07-12,1,PM25,3.478372941375
2019-07-13,4,PM10,4.87316666675
2019-07-13,4,PM25,1.822065341
2019-07-13,3,PM10,16.735203703333333
2019-07-13,3,PM25,6.308514428555556
2019-07-13,2,PM10,10.602616161277778
2019-07-13,2,PM25,4.735910690027778
2019-07-13,1,PM10,8.24569791625
2019-07-13,1,PM25,2.70461663375
2019-07-14,4,PM10,3.8318333325
2019-07-14,4,PM25,1.99854166675
2019-07-14,3,PM10,13.38475
2019-07-14,3,PM25,5.445574761444444
2019-07-14,2,PM10,9.987660458944443
2019-07-14,2,PM25,4.941078810472223
2019-07-14,1,PM10,4.40423097825
2019-07-14,1,PM25,1.9587838505000001
2019-07-15,4,PM10,2.89055208325
2019-07-15,4,PM25,2.15462083325
2019-07-15,3,PM10,13.122074073333332
2019-07-15,3,PM25,4.907163725111111
2019-07-15,2,PM10,9.858570382111111
2019-07-15,2,PM25,5.074287353972222
2019-07-15,1,PM10,5.995984375
2019-07-15,1,PM25,2.926674309875
2019-07-16,4,PM10,6.41180208325
2019-07-16,4,PM25,5.123596681
2019-07-16,3,PM10,13.907902777444443
2019-07-16,3,PM25,7.179721534555556
2019-07-16,2,PM10,12.74547565961111
2019-07-16,2,PM25,5.895289623027778
2019-07-16,1,PM10,4.9123784722499995
2019-07-16,1,PM25,1.995215722125
2019-07-17,4,PM10,7.91476041675
2019-07-17,4,PM25,6.67963125
2019-07-17,3,PM10,14.919452441777777
2019-07-17,3,PM25,8.408673949444443
2019-07-17,2,PM10,11.937774166222221
2019-07-17,2,PM25,5.503842960555556
2019-07-17,1,PM10,4.256265624875
2019-07-17,1,PM25,1.915159472125
2019-07-18,4,PM10,5.3214270825
2019-07-18,4,PM25,3.8706458324999997
2019-07-18,3,PM10,14.041486109666668
2019-07-18,3,PM25,7.256632594777778
2019-07-18,2,PM10,12.884969900277778
2019-07-18,2,PM25,5.835665132472222
2019-07-18,1,PM10,6.7581331845
2019-07-18,1,PM25,3.23896696975
2019-07-19,4,PM10,10.363989582499999
2019-07-19,4,PM25,7.3008055555
2019-07-19,3,PM10,18.424958334000003
2019-07-19,3,PM25,10.639486133777778
2019-07-19,2,PM10,16.87994023583333
2019-07-19,2,PM25,8.604970673472222
2019-07-19,1,PM10,9.953890625
2019-07-19,1,PM25,4.566762455125
2019-07-20,4,PM10,12.33443750075
2019-07-20,4,PM25,9.094523097749999
2019-07-20,3,PM10,20.30781018633333
2019-07-20,3,PM25,12.132297175666666
2019-07-20,2,PM10,19.542042823888888
2019-07-20,2,PM25,11.3599107055
2019-07-20,1,PM10,10.108369791625
2019-07-20,1,PM25,6.58598214225
2019-07-21,4,PM10,13.59043750075
2019-07-21,4,PM25,10.315376810750001
2019-07-21,3,PM10,23.141032406666667
2019-07-21,3,PM25,11.760581509222224
2019-07-21,2,PM10,22.825610984166666
2019-07-21,2,PM25,13.374977256444446
2019-07-21,1,PM10,11.418692708750001
2019-07-21,1,PM25,7.268517901875
2019-07-22,4,PM10,11.35534375
2019-07-22,4,PM25,8.2952743065
2019-07-22,3,PM10,20.44562037111111
2019-07-22,3,PM25,9.717049112222222
2019-07-22,2,PM10,23.24719512536111
2019-07-22,2,PM25,11.401397568694444
2019-07-22,1,PM10,16.1949916675
2019-07-22,1,PM25,6.5230061555
2019-07-23,4,PM10,8.454770834249999
2019-07-23,4,PM25,5.2772458325
2019-07-23,3,PM10,22.626412036666668
2019-07-23,3,PM25,9.194071676333333
2019-07-23,2,PM10,19.854501684055556
2019-07-23,2,PM25,9.647956461972221
2019-07-23,1,PM10,11.47768709875
2019-07-23,1,PM25,5.6621633706250005
2019-07-24,4,PM10,7.1642604167499995
2019-07-24,4,PM25,3.945095238
2019-07-24,3,PM10,20.549875
2019-07-24,3,PM25,8.869682140777778
2019-07-24,2,PM10,17.923981280083336
2019-07-24,2,PM25,7.0348611559166665
2019-07-24,1,PM10,10.62610416625
2019-07-24,1,PM25,3.8339344655
2019-07-25,4,PM10,9.99260416575
2019-07-25,4,PM25,6.468544508500001
2019-07-25,3,PM10,22.03883796111111
2019-07-25,3,PM25,11.806060900333334
2019-07-25,2,PM10,20.033208964916668
2019-07-25,2,PM25,9.030305199138889
2019-07-25,1,PM10,14.519229165
2019-07-25,1,PM25,5.4203129118749995
2019-07-26,4,PM10,11.735739582499999
2019-07-26,4,PM25,7.93706521625
2019-07-26,3,PM10,25.69569444444444
2019-07-26,3,PM25,11.746116349333333
2019-07-26,2,PM10,25.72127399575
2019-07-26,2,PM25,12.696020943222223
2019-07-26,1,PM10,14.08801562375
2019-07-26,1,PM25,5.938224701875
2019-07-27,4,PM10,10.10648958325
2019-07-27,4,PM25,6.6201755945
2019-07-27,3,PM10,24.625898149999998
2019-07-27,3,PM25,12.824785944111111
2019-07-27,2,PM10,19.718335025083334
2019-07-27,2,PM25,10.685645728472222
2019-07-27,1,PM10,11.3034739575
2019-07-27,1,PM25,6.460270133375
2019-07-28,4,PM10,12.21776041675
2019-07-28,4,PM25,7.478441124000001
2019-07-28,3,PM10,21.934231483333335
2019-07-28,3,PM25,12.310740134222222
2019-07-28,2,PM10,17.770333132666664
2019-07-28,2,PM25,12.133904970805554
2019-07-28,1,PM10,9.92892708375
2019-07-28,1,PM25,8.0984857675
2019-07-29,4,PM10,11.4704479175
2019-07-29,4,PM25,7.24523958325
2019-07-29,3,PM10,21.81512963
2019-07-29,3,PM25,10.628610692444445
2019-07-29,2,PM10,19.475608101666666
2019-07-29,2,PM25,9.995074685916666
2019-07-29,1,PM10,8.93842708375
2019-07-29,1,PM25,4.3638892700000005
2019-07-30,4,PM10,8.7074791675
2019-07-30,4,PM25,5.43081060525
2019-07-30,3,PM10,13.985069444444443
2019-07-30,3,PM25,7.637308747333332
2019-07-30,2,PM10,11.166297033194445
2019-07-30,2,PM25,6.1048188885000005
2019-07-30,1,PM10,6.848932292125
2019-07-30,1,PM25,3.723045516125
2019-07-31,4,PM10,8.41996875
2019-07-31,4,PM25,7.2731041675
2019-07-31,3,PM10,13.375759258555554
2019-07-31,3,PM25,7.261349005666667
2019-07-31,2,PM10,12.155274347833334
2019-07-31,2,PM25,5.514700684444445
2019-07-31,1,PM10,9.712609375
2019-07-31,1,PM25,5.18295383075
2019-08-01,4,PM10,7.0757708325
2019-08-01,4,PM25,5.32272916575
2019-08-01,3,PM10,15.841328703333334
2019-08-01,3,PM25,7.4140036801111115
2019-08-01,2,PM10,14.363151760194446
2019-08-01,2,PM25,7.022618793055555
2019-08-01,1,PM10,12.893989583749999
2019-08-01,1,PM25,5.790221208875
2019-08-02,4,PM10,8.885885417499999
2019-08-02,4,PM25,6.33563541575
2019-08-02,3,PM10,17.40229850888889
2019-08-02,3,PM25,9.422568238222222
2019-08-02,2,PM10,16.734327419805552
2019-08-02,2,PM25,8.8199262535
2019-08-02,1,PM10,10.96614583375
2019-08-02,1,PM25,6.253965436
2019-08-03,4,PM10,8.951364584250001
2019-08-03,4,PM25,5.823635416749999
2019-08-03,3,PM10,21.49286574111111
2019-08-03,3,PM25,10.468971257
2019-08-03,2,PM10,18.33575161075
2019-08-03,2,PM25,11.170257131666666
2019-08-03,1,PM10,11.360259469625
2019-08-03,1,PM25,6.3638783256249996
2019-08-04,4,PM10,9.63696875075
2019-08-04,4,PM25,6.53925000075
2019-08-04,3,PM10,23.64251388888889
2019-08-04,3,PM25,10.829435593777779
2019-08-04,2,PM10,19.42597569452778
2019-08-04,2,PM25,10.831731966361112
2019-08-04,1,PM10,9.366328124999999
2019-08-04,1,PM25,4.929843976
2019-08-05,4,PM10,9.79221875075
2019-08-05,4,PM25,5.47998958325
2019-08-05,3,PM10,23.69550926
2019-08-05,3,PM25,10.984414504666667
2019-08-05,2,PM10,22.675258311388887
2019-08-05,2,PM25,11.858145041833332
2019-08-05,1,PM10,15.129802085
2019-08-05,1,PM25,6.923934144
2019-08-06,4,PM10,10.825739584249998
2019-08-06,4,PM25,6.414
2019-08-06,3,PM10,24.24482870222222
2019-08-06,3,PM25,10.404883889444443
2019-08-06,2,PM10,23.42159985297222
2019-08-06,2,PM25,11.29618873675
2019-08-06,1,PM10,13.64529891375
2019-08-06,1,PM25,5.743145586
2019-08-07,4,PM10,11.8755625
2019-08-07,4,PM25,7.3033836042499996
2019-08-07,3,PM10,26.241888888888887
2019-08-07,3,PM25,10.257243024333333
2019-08-07,2,PM10,25.982289848055554
2019-08-07,2,PM25,11.043254311111111
2019-08-07,1,PM10,13.5755332875
2019-08-07,1,PM25,5.427356554
2019-08-08,4,PM10,19.8254375
2019-08-08,4,PM25,6.05207480975
2019-08-08,3,PM10,51.359322222222225
2019-08-08,3,PM25,15.51946206188889
2019-08-08,2,PM10,26.980440469805554
2019-08-08,2,PM25,9.584585875416668
2019-08-08,1,PM10,15.836354167125
2019-08-08,1,PM25,3.837639389875
2019-08-09,4,PM10,10.9178645825
2019-08-09,4,PM25,1.86323958325
2019-08-09,3,PM10,49.47165277333333
2019-08-09,3,PM25,12.362078875444444
2019-08-09,2,PM10,38.25492413686111
2019-08-09,2,PM25,8.873290544583334
2019-08-09,1,PM10,21.698684184999998
2019-08-09,1,PM25,3.233058424
2019-08-10,4,PM10,13.9736666675
2019-08-10,4,PM25,2.65292708325
2019-08-10,3,PM10,24.239433081111113
2019-08-10,3,PM25,6.203641705333333
2019-08-10,2,PM10,11.605748511888889
2019-08-10,2,PM25,3.705286963972222
2019-08-10,1,PM10,6.624322916625
2019-08-10,1,PM25,1.7002430005
2019-08-11,4,PM10,7.7816145825
2019-08-11,4,PM25,1.81865625
2019-08-11,3,PM10,15.509745370444445
2019-08-11,3,PM25,5.389225307888889
2019-08-11,2,PM10,9.180451003
2019-08-11,2,PM25,3.8812568325
2019-08-11,1,PM10,5.00733333325
2019-08-11,1,PM25,2.23410219325
2019-08-12,4,PM10,3.19544791675
2019-08-12,4,PM25,2.7937889609999997
2019-08-12,3,PM10,10.730120370333331
2019-08-12,3,PM25,8.628432008222223
2019-08-12,2,PM10,12.814034300805556
2019-08-12,2,PM25,5.789204451194444
2019-08-12,1,PM10,6.520013020375
2019-08-12,1,PM25,3.322394097125
2019-08-13,4,PM10,7.89213541675
2019-08-13,4,PM25,6.418676178249999
2019-08-13,3,PM10,12.744070853777778
2019-08-13,3,PM25,7.558068807777777
2019-08-13,2,PM10,16.115794636222223
2019-08-13,2,PM25,7.984806766138888
2019-08-13,1,PM10,10.999444067875
2019-08-13,1,PM25,5.790567356125
2019-08-14,4,PM10,10.82568749925
2019-08-14,4,PM25,8.04880208425
2019-08-14,3,PM10,18.363686148666666
2019-08-14,3,PM25,8.887647651222222
2019-08-14,2,PM10,23.290797348416667
2019-08-14,2,PM25,12.376148973361111
2019-08-14,1,PM10,13.87642708375
2019-08-14,1,PM25,5.710914772375
2019-08-15,4,PM10,11.1016815475
2019-08-15,4,PM25,7.921508928250001
2019-08-15,3,PM10,19.69673611111111
2019-08-15,3,PM25,8.636207273
2019-08-15,2,PM10,22.627119970583337
2019-08-15,2,PM25,12.31968854663889
2019-08-15,1,PM10,9.9498125
2019-08-15,1,PM25,5.435636216125
2019-08-16,4,PM10,9.29968749925
2019-08-16,4,PM25,5.64739583425
2019-08-16,3,PM10,24.63678703588889
2019-08-16,3,PM25,9.831878033444445
2019-08-16,2,PM10,21.52153191130556
2019-08-16,2,PM25,9.689851421472222
2019-08-16,1,PM10,10.925576705000001
2019-08-16,1,PM25,4.43916952325
2019-08-17,4,PM10,11.50175
2019-08-17,4,PM25,7.58136458325
2019-08-17,3,PM10,24.243175926666666
2019-08-17,3,PM25,9.676376617555555
2019-08-17,2,PM10,20.496598429944445
2019-08-17,2,PM25,9.036120525444444
2019-08-17,1,PM10,11.62235937625
2019-08-17,1,PM25,5.80597362
2019-08-18,4,PM10,9.435260415
2019-08-18,4,PM25,5.80760416675
2019-08-18,3,PM10,18.14782971
2019-08-18,3,PM25,8.306083467333332
2019-08-18,2,PM10,20.653912792055554
2019-08-18,2,PM25,10.50597295775
2019-08-18,1,PM10,12.414390625
2019-08-18,1,PM25,5.6714137686249995
2019-08-19,4,PM10,39.6294062575
2019-08-19,4,PM25,6.01936458325
2019-08-19,3,PM10,42.276550925555554
2019-08-19,3,PM25,10.91350083711111
2019-08-19,2,PM10,20.639682238694444
2019-08-19,2,PM25,7.217412918527777
2019-08-19,1,PM10,8.483526041625
2019-08-19,1,PM25,2.853772436125
2019-08-20,4,PM10,5.437729167500001
2019-08-20,4,PM25,2.34363043475
2019-08-20,3,PM10,19.065045876666666
2019-08-20,3,PM25,5.963088763
2019-08-20,2,PM10,14.07909995686111
2019-08-20,2,PM25,5.179166078166666
2019-08-20,1,PM10,7.9755468753750005
2019-08-20,1,PM25,2.4060279268749998
2019-08-21,4,PM10,6.6065833325
2019-08-21,4,PM25,2.8155833335000002
2019-08-21,3,PM10,21.81918386222222
2019-08-21,3,PM25,6.611101932222223
2019-08-21,2,PM10,15.91935751213889
2019-08-21,2,PM25,5.26870286525
2019-08-21,1,PM10,7.66728645825
2019-08-21,1,PM25,1.526569182875
2019-08-22,4,PM10,10.373083332499998
2019-08-22,4,PM25,3.3625814395
2019-08-22,3,PM10,20.087587962222223
2019-08-22,3,PM25,6.988504749666666
2019-08-22,2,PM10,20.81511768977778
2019-08-22,2,PM25,7.008060687916666
2019-08-22,1,PM10,13.826110417125
2019-08-22,1,PM25,3.88811589675
2019-08-23,4,PM10,12.406135415000001
2019-08-23,4,PM25,6.7943043475
2019-08-23,3,PM10,32.592933172222224
2019-08-23,3,PM25,14.753908255555555
2019-08-23,2,PM10,25.401373000083332
2019-08-23,2,PM25,10.194804147083333
2019-08-23,1,PM10,17.537546875
2019-08-23,1,PM25,6.68843850875
2019-08-24,4,PM10,11.9998854175
2019-08-24,4,PM25,7.113447917499999
2019-08-24,3,PM10,31.84883333333333
2019-08-24,3,PM25,11.711875067777777
2019-08-24,2,PM10,29.15545360286111
2019-08-24,2,PM25,12.997343056833333
2019-08-24,1,PM10,16.06591145875
2019-08-24,1,PM25,7.418463542875
2019-08-25,4,PM10,13.514
2019-08-25,4,PM25,9.12121875
2019-08-25,3,PM10,31.109976853333333
2019-08-25,3,PM25,10.955188403000001
2019-08-25,2,PM10,26.71787037083333
2019-08-25,2,PM25,10.33388099711111
2019-08-25,1,PM10,13.99736458375
2019-08-25,1,PM25,5.700911652375
2019-08-26,4,PM10,9.1599375
2019-08-26,4,PM25,6.06027083425
2019-08-26,3,PM10,27.180023147777778
2019-08-26,3,PM25,11.571235877
2019-08-26,2,PM10,15.135510548805554
2019-08-26,2,PM25,6.365832739972222
2019-08-26,1,PM10,8.58369791575
2019-08-26,1,PM25,3.5602212410000003
2019-08-27,4,PM10,7.697802085
2019-08-27,4,PM25,4.60864583425
2019-08-27,3,PM10,22.43063425888889
2019-08-27,3,PM25,9.365569637
2019-08-27,2,PM10,11.176600931972223
2019-08-27,2,PM25,5.703024180722222
2019-08-27,1,PM10,9.31357291625
2019-08-27,1,PM25,4.64325852325
2019-08-28,4,PM10,9.298197915
2019-08-28,4,PM25,6.35550000075
2019-08-28,3,PM10,22.16097222222222
2019-08-28,3,PM25,8.023555591888888
2019-08-28,2,PM10,13.683019560750001
2019-08-28,2,PM25,6.753459823527778
2019-08-28,1,PM10,9.36613247275
2019-08-28,1,PM25,3.95259585275
2019-08-29,4,PM10,5.14897916675
2019-08-29,4,PM25,3.7458229175
2019-08-29,3,PM10,21.77378703777778
2019-08-29,3,PM25,7.401718171444445
2019-08-29,2,PM10,13.827695688527777
2019-08-29,2,PM25,6.5268796899999995
2019-08-29,1,PM10,8.155140625875
2019-08-29,1,PM25,2.519275327
2019-08-30,4,PM10,3.929267629
2019-08-30,4,PM25,3.3699791667500003
2019-08-30,3,PM10,7.924620370333333
2019-08-30,3,PM25,3.4925633019999998
2019-08-30,2,PM10,7.656671190861112
2019-08-30,2,PM25,3.13265871925
2019-08-30,1,PM10,8.661166666625
2019-08-30,1,PM25,4.002895833875
2019-08-31,4,PM10,2.68532386375
2019-08-31,4,PM25,3.9102812499999997
2019-08-31,3,PM10,6.912518518777778
2019-08-31,3,PM25,3.551935866888889
2019-08-31,2,PM10,8.590812751694445
2019-08-31,2,PM25,3.5537908795555553
2019-08-31,1,PM10,9.801421875375
2019-08-31,1,PM25,4.2747225997500005
2019-09-01,4,PM10,5.2166473225
2019-09-01,4,PM25,4.00508333325
2019-09-01,3,PM10,11.062087961888889
2019-09-01,3,PM25,5.789925931666667
2019-09-01,2,PM10,11.74271040975
2019-09-01,2,PM25,5.891627867333333
2019-09-01,1,PM10,9.426921874125
2019-09-01,1,PM25,5.38470960025
2019-09-02,4,PM10,5.8776875
2019-09-02,4,PM25,3.4298509955
2019-09-02,3,PM10,15.710050723333334
2019-09-02,3,PM25,5.157164902777778
2019-09-02,2,PM10,15.178365524722222
2019-09-02,2,PM25,6.8002647473055555
2019-09-02,1,PM10,9.94244270875
2019-09-02,1,PM25,4.16646655025
2019-09-03,4,PM10,6.2176354175
2019-09-03,4,PM25,3.42425135875
2019-09-03,3,PM10,17.528674243333334
2019-09-03,3,PM25,5.326118398333334
2019-09-03,2,PM10,16.95699045986111
2019-09-03,2,PM25,6.4582201721666666
2019-09-03,1,PM10,11.1474312
2019-09-03,1,PM25,4.83431313125
2019-09-04,4,PM10,9.8143020825
2019-09-04,4,PM25,5.85411458425
2019-09-04,3,PM10,25.408169312222224
2019-09-04,3,PM25,7.130361330333333
2019-09-04,2,PM10,20.050047778305554
2019-09-04,2,PM25,7.331828801416667
2019-09-04,1,PM10,13.795984842500001
2019-09-04,1,PM25,5.540720279125
2019-09-05,4,PM10,11.914562499999999
2019-09-05,4,PM25,2.8891704547500003
2019-09-05,3,PM10,23.119875402222224
2019-09-05,3,PM25,6.688645161222222
2019-09-05,2,PM10,22.382230246388886
2019-09-05,2,PM25,7.473428096611111
2019-09-05,1,PM10,15.868902381249999
2019-09-05,1,PM25,4.907574442125
2019-09-06,4,PM10,75.9103229
2019-09-06,4,PM25,8.017947915
2019-09-06,3,PM10,102.23834572777778
2019-09-06,3,PM25,22.486740041111112
2019-09-06,2,PM10,46.57641440444444
2019-09-06,2,PM25,12.918098163833333
2019-09-06,1,PM10,16.1690260425
2019-09-06,1,PM25,5.051782197
2019-09-07,4,PM10,39.71315625
2019-09-07,4,PM25,5.087375000750001
2019-09-07,3,PM10,33.13395833333333
2019-09-07,3,PM25,6.212663159444444
2019-09-07,2,PM10,13.43914455975
2019-09-07,2,PM25,4.144126402444445
2019-09-07,1,PM10,7.381235322125
2019-09-07,1,PM25,2.2315378409999997
2019-09-08,4,PM10,7.58528125
2019-09-08,4,PM25,1.42872253775
2019-09-08,3,PM10,15.031189815555555
2019-09-08,3,PM25,4.449902061222222
2019-09-08,2,PM10,7.25086987425
2019-09-08,2,PM25,3.063381875222222
2019-09-08,1,PM10,4.4159375001250005
2019-09-08,1,PM25,1.994089921
2019-09-09,4,PM10,16.78840625
2019-09-09,4,PM25,1.8645625
2019-09-09,3,PM10,15.563408670333335
2019-09-09,3,PM25,4.9352044554444445
2019-09-09,2,PM10,10.330142411583333
2019-09-09,2,PM25,3.7694159340555555
2019-09-09,1,PM10,6.509526042125
2019-09-09,1,PM25,2.96990104175
2019-09-10,4,PM10,5.6308556549999995
2019-09-10,4,PM25,2.418251553
2019-09-10,3,PM10,16.342666666666666
2019-09-10,3,PM25,6.082406069555556
2019-09-10,2,PM10,14.881936209638887
2019-09-10,2,PM25,5.522501146583334
2019-09-10,1,PM10,9.1104739575
2019-09-10,1,PM25,4.12359501325
2019-09-11,4,PM10,10.54594952
2019-09-11,4,PM25,6.58385416575
2019-09-11,3,PM10,20.101537036666667
2019-09-11,3,PM25,7.218063909222222
2019-09-11,2,PM10,20.057766208416666
2019-09-11,2,PM25,7.295947115138889
2019-09-11,1,PM10,15.9534676
2019-09-11,1,PM25,5.6084324180000005
2019-09-12,4,PM10,15.86353125
2019-09-12,4,PM25,10.345843749250001
2019-09-12,3,PM10,26.720550084444444
2019-09-12,3,PM25,8.090228683666666
2019-09-12,2,PM10,22.01571358675
2019-09-12,2,PM25,7.499712342527778
2019-09-12,1,PM10,12.89795217875
2019-09-12,1,PM25,4.158016349625
2019-09-13,4,PM10,10.80675
2019-09-13,4,PM25,3.99307291575
2019-09-13,3,PM10,34.132592594444446
2019-09-13,3,PM25,10.457397111888888
2019-09-13,2,PM10,32.93797936730555
2019-09-13,2,PM25,10.513389404249999
2019-09-13,1,PM10,19.6669762225
2019-09-13,1,PM25,5.857949296
2019-09-14,4,PM10,7.95689583425
2019-09-14,4,PM25,2.792525
2019-09-14,3,PM10,24.287069443333333
2019-09-14,3,PM25,8.124621309666667
2019-09-14,2,PM10,22.632729165833332
2019-09-14,2,PM25,8.738665568944445
2019-09-14,1,PM10,16.578609373749998
2019-09-14,1,PM25,6.81370335175
2019-09-15,4,PM10,10.552677085000001
2019-09-15,4,PM25,5.309333334250001
2019-09-15,3,PM10,19.94809218888889
2019-09-15,3,PM25,6.578936038666667
2019-09-15,2,PM10,23.52700447852778
2019-09-15,2,PM25,9.35515998486111
2019-09-15,1,PM10,16.64997916875
2019-09-15,1,PM25,6.24587587875
2019-09-16,4,PM10,11.7147395825
2019-09-16,4,PM25,5.4538333325
2019-09-16,3,PM10,31.099041665555553
2019-09-16,3,PM25,8.508442115000001
2019-09-16,2,PM10,32.148684631916666
2019-09-16,2,PM25,10.071786538555555
2019-09-16,1,PM10,15.916302084125
2019-09-16,1,PM25,5.086960906625
2019-09-17,4,PM10,23.4102395825
2019-09-17,4,PM25,11.948561011999999
2019-09-17,3,PM10,15.660185186666666
2019-09-17,3,PM25,5.2852471294444445
2019-09-17,2,PM10,9.689485714055555
2019-09-17,2,PM25,3.7431939758333335
2019-09-17,1,PM10,7.857989583875
2019-09-17,1,PM25,3.392774273
2019-09-18,4,PM10,3.97202083325
2019-09-18,4,PM25,2.1745298912499997
2019-09-18,3,PM10,6.9725787035555555
2019-09-18,3,PM25,3.4503794716666665
2019-09-18,2,PM10,13.107522273722221
2019-09-18,2,PM25,5.020552502888889
2019-09-18,1,PM10,6.964348958375
2019-09-18,1,PM25,2.47580922625
2019-09-19,4,PM10,6.036729167500001
2019-09-19,4,PM25,2.65754121375
2019-09-19,3,PM10,14.145103175555555
2019-09-19,3,PM25,5.427167502888889
2019-09-19,2,PM10,15.561133169027777
2019-09-19,2,PM25,5.634599162805555
2019-09-19,1,PM10,10.64370312375
2019-09-19,1,PM25,3.950496527625
2019-09-20,4,PM10,7.17302083425
2019-09-20,4,PM25,3.3395625007499996
2019-09-20,3,PM10,13.261712963333332
2019-09-20,3,PM25,4.861134223444444
2019-09-20,2,PM10,16.777617078250003
2019-09-20,2,PM25,5.616463978361111
2019-09-20,1,PM10,14.6359375
2019-09-20,1,PM25,4.56930955625
2019-09-21,4,PM10,11.310166665
2019-09-21,4,PM25,6.3013854157499996
2019-09-21,3,PM10,24.361069444444446
2019-09-21,3,PM25,10.32528609611111
2019-09-21,2,PM10,25.585550926944443
2019-09-21,2,PM25,9.566592809472223
2019-09-21,1,PM10,44.59443229625
2019-09-21,1,PM25,9.08004166625
2019-09-22,4,PM10,15.131708335
2019-09-22,4,PM25,7.27367708325
2019-09-22,3,PM10,28.661074074444443
2019-09-22,3,PM25,9.893277570333332
2019-09-22,2,PM10,24.547016707222223
2019-09-22,2,PM25,9.338360034861111
2019-09-22,1,PM10,14.473296874999999
2019-09-22,1,PM25,6.12294852175
2019-09-23,4,PM10,7.437354167500001
2019-09-23,4,PM25,2.37956845225
2019-09-23,3,PM10,17.105225644444445
2019-09-23,3,PM25,5.055077500444444
2019-09-23,2,PM10,11.700285859861111
2019-09-23,2,PM25,4.9545301749999995
2019-09-23,1,PM10,6.658041666375
2019-09-23,1,PM25,3.75540862325
2019-09-24,4,PM10,9.09884375
2019-09-24,4,PM25,2.645282156
2019-09-24,3,PM10,15.425061595333334
2019-09-24,3,PM25,4.098192210777778
2019-09-24,2,PM10,13.79752542625
2019-09-24,2,PM25,5.133903803638889
2019-09-24,1,PM10,9.45363020825
2019-09-24,1,PM25,3.716150850625
2019-09-25,4,PM10,10.1142083325
2019-09-25,4,PM25,4.9556811585
2019-09-25,3,PM10,16.640314814777778
2019-09-25,3,PM25,5.729530370333333
2019-09-25,2,PM10,16.16053892563889
2019-09-25,2,PM25,6.2663142151111115
2019-09-25,1,PM10,10.928739585
2019-09-25,1,PM25,3.386626721
2019-09-26,4,PM10,17.42965625075
2019-09-26,4,PM25,12.389267543
2019-09-26,3,PM10,23.690620369999998
2019-09-26,3,PM25,10.030267770333333
2019-09-26,2,PM10,20.110623379916667
2019-09-26,2,PM25,7.752275167277777
2019-09-26,1,PM10,13.98141146
2019-09-26,1,PM25,4.5928754852499996
2019-09-27,4,PM10,7.31995833425
2019-09-27,4,PM25,2.383127976
2019-09-27,3,PM10,22.98727932111111
2019-09-27,3,PM25,6.9214588774444445
2019-09-27,2,PM10,20.188615830833335
2019-09-27,2,PM25,8.656323018611111
2019-09-27,1,PM10,14.3836145825
2019-09-27,1,PM25,5.125074646
2019-09-28,4,PM10,8.39329166675
2019-09-28,4,PM25,2.4858240132500002
2019-09-28,3,PM10,27.09694827
2019-09-28,3,PM25,7.083188177111111
2019-09-28,2,PM10,22.06543634286111
2019-09-28,2,PM25,6.980154728083333
2019-09-28,1,PM10,14.729994790000001
2019-09-28,1,PM25,4.33936140425
2019-09-29,4,PM10,7.118427085
2019-09-29,4,PM25,2.303161232
2019-09-29,3,PM10,21.79773611222222
2019-09-29,3,PM25,7.181101458333334
2019-09-29,2,PM10,21.58942013936111
2019-09-29,2,PM25,7.572945065527778
2019-09-29,1,PM10,14.41851041625
2019-09-29,1,PM25,5.101274724
2019-09-30,4,PM10,12.4748645825
2019-09-30,4,PM25,4.27415327475
2019-09-30,3,PM10,22.699421296666667
2019-09-30,3,PM25,7.374524297444444
2019-09-30,2,PM10,19.03249537075
2019-09-30,2,PM25,6.791623096055556
2019-09-30,1,PM10,15.53234374875
2019-09-30,1,PM25,4.631124053125
2019-10-01,4,PM10,4.317375
2019-10-01,4,PM25,1.74566761375
2019-10-01,3,PM10,17.188327093333335
2019-10-01,3,PM25,5.759502046
2019-10-01,2,PM10,16.521114583888888
2019-10-01,2,PM25,5.172557461833333
2019-10-01,1,PM10,15.865977328749999
2019-10-01,1,PM25,3.995223211125
2019-10-02,4,PM10,13.065479167500001
2019-10-02,4,PM25,2.79286186575
2019-10-02,3,PM10,19.245291665555555
2019-10-02,3,PM25,5.980239840666666
2019-10-02,2,PM10,21.6190279425
2019-10-02,2,PM25,7.398068947083333
2019-10-02,1,PM10,24.87105729125
2019-10-02,1,PM25,6.35460041575
2019-10-03,4,PM10,14.6584583325
2019-10-03,4,PM25,3.2542708334999997
2019-10-03,3,PM10,27.62349074111111
2019-10-03,3,PM25,8.010075350555557
2019-10-03,2,PM10,29.35210721722222
2019-10-03,2,PM25,9.4804858875
2019-10-03,1,PM10,27.80103646
2019-10-03,1,PM25,7.9081046412500005
2019-10-04,4,PM10,11.741843750000001
2019-10-04,4,PM25,3.8536174235
2019-10-04,3,PM10,37.08669907444445
2019-10-04,3,PM25,10.21643655411111
2019-10-04,2,PM10,36.41718762694445
2019-10-04,2,PM25,11.17767463038889
2019-10-04,1,PM10,25.19256250125
2019-10-04,1,PM25,6.98729998375
2019-10-05,4,PM10,10.9007708325
2019-10-05,4,PM25,3.6583682065
2019-10-05,3,PM10,20.46624999888889
2019-10-05,3,PM25,7.032616233000001
2019-10-05,2,PM10,14.38638935175
2019-10-05,2,PM25,5.646705942111111
2019-10-05,1,PM10,9.579447917
2019-10-05,1,PM25,3.40538132
2019-10-06,4,PM10,13.153375
2019-10-06,4,PM25,7.0295625
2019-10-06,3,PM10,19.94587500111111
2019-10-06,3,PM25,6.874609501555556
2019-10-06,2,PM10,18.567671191944445
2019-10-06,2,PM25,6.0561430905
2019-10-06,1,PM10,17.2937864575
2019-10-06,1,PM25,4.758870535625
2019-10-07,4,PM10,31.420041665
2019-10-07,4,PM25,4.92256249925
2019-10-07,3,PM10,57.71745370333333
2019-10-07,3,PM25,14.822732231444443
2019-10-07,2,PM10,35.095130015833334
2019-10-07,2,PM25,11.485513158583334
2019-10-07,1,PM10,20.06759375
2019-10-07,1,PM25,5.81528645825
2019-10-08,4,PM10,55.4314375
2019-10-08,4,PM25,7.33346875
2019-10-08,3,PM10,54.060064814444445
2019-10-08,3,PM25,11.436970417666666
2019-10-08,2,PM10,18.76013739897222
2019-10-08,2,PM25,7.017458574444444
2019-10-08,1,PM10,7.827697917375
2019-10-08,1,PM25,3.96111016025
2019-10-09,4,PM10,15.387968749999999
2019-10-09,4,PM25,1.89903668475
2019-10-09,3,PM10,17.891060185555556
2019-10-09,3,PM25,4.475950094888889
2019-10-09,2,PM10,12.639105786805555
2019-10-09,2,PM25,4.36091231425
2019-10-09,1,PM10,7.9804010417499995
2019-10-09,1,PM25,2.9564917243749997
2019-10-10,4,PM10,9.059260417499999
2019-10-10,4,PM25,4.92119655925
2019-10-10,3,PM10,18.56354629666667
2019-10-10,3,PM25,6.017845484888889
2019-10-10,2,PM10,15.112103008694444
2019-10-10,2,PM25,4.900888811361111
2019-10-10,1,PM10,11.20047396
2019-10-10,1,PM25,3.5654162255
2019-10-11,4,PM10,9.517302085
2019-10-11,4,PM25,6.3762291675
2019-10-11,3,PM10,15.354958333333334
2019-10-11,3,PM25,6.478812431444444
2019-10-11,2,PM10,9.944484830444445
2019-10-11,2,PM25,3.8418658329722226
2019-10-11,1,PM10,7.292953125
2019-10-11,1,PM25,2.5941097112500002
2019-10-12,4,PM10,2.23788541675
2019-10-12,4,PM25,1.60761458325
2019-10-12,3,PM10,6.927125
2019-10-12,3,PM25,2.901240246888889
2019-10-12,2,PM10,8.234929729166666
2019-10-12,2,PM25,3.37660121575
2019-10-12,1,PM10,5.871671875
2019-10-12,1,PM25,1.90570949775
2019-10-13,4,PM10,1.06190625
2019-10-13,4,PM25,0.54975
2019-10-13,3,PM10,10.953388888111112
2019-10-13,3,PM25,4.211100053888889
2019-10-13,2,PM10,9.003762557666667
2019-10-13,2,PM25,3.751599842638889
2019-10-13,1,PM10,7.206828124875
2019-10-13,1,PM25,3.0330364847499998
2019-10-14,4,PM10,5.007385416749999
2019-10-14,4,PM25,1.63302173925
2019-10-14,3,PM10,15.695967594444445
2019-10-14,3,PM25,4.899290009111111
2019-10-14,2,PM10,15.71348720786111
2019-10-14,2,PM25,5.661365047166666
2019-10-14,1,PM10,12.267796875
2019-10-14,1,PM25,2.810159155875
2019-10-15,4,PM10,7.974718749999999
2019-10-15,4,PM25,2.6608020835
2019-10-15,3,PM10,25.14337962888889
2019-10-15,3,PM25,7.649146974444444
2019-10-15,2,PM10,23.023878673333332
2019-10-15,2,PM25,7.615785158027778
2019-10-15,1,PM10,16.97322916625
2019-10-15,1,PM25,5.25550033825
2019-10-16,4,PM10,15.655677082499999
2019-10-16,4,PM25,5.5003958325
2019-10-16,3,PM10,33.65668981333333
2019-10-16,3,PM25,9.046030862111111
2019-10-16,2,PM10,26.751044265555556
2019-10-16,2,PM25,10.333690496277777
2019-10-16,1,PM10,17.4753020825
2019-10-16,1,PM25,5.313695105125
2019-10-17,4,PM10,39.8371315775
2019-10-17,4,PM25,5.864039474749999
2019-10-17,3,PM10,48.81152501555555
2019-10-17,3,PM25,12.376538498777778
2019-10-17,2,PM10,25.754538146694443
2019-10-17,2,PM25,9.391468624333335
2019-10-17,1,PM10,9.630006384875
2019-10-17,1,PM25,4.50019672875
2019-10-18,4,PM10,15.337687500000001
2019-10-18,4,PM25,2.5628764882499997
2019-10-18,3,PM10,29.580078704444443
2019-10-18,3,PM25,5.742952610333333
2019-10-18,2,PM10,20.5295750515
2019-10-18,2,PM25,5.989543432972223
2019-10-18,1,PM10,11.18661458375
2019-10-18,1,PM25,3.2601691635
2019-10-19,4,PM10,11.366624999999999
2019-10-19,4,PM25,2.95364855075
2019-10-19,3,PM10,38.39431944333333
2019-10-19,3,PM25,10.392822748555556
2019-10-19,2,PM10,28.429975694166664
2019-10-19,2,PM25,7.793307353555556
2019-10-19,1,PM10,16.451375
2019-10-19,1,PM25,3.86782966725
2019-10-20,4,PM10,20.4621354175
2019-10-20,4,PM25,11.70937405375
2019-10-20,3,PM10,24.78412962888889
2019-10-20,3,PM25,7.033776549111112
2019-10-20,2,PM10,16.462011724777778
2019-10-20,2,PM25,5.6382782322222225
2019-10-20,1,PM10,9.241843750000001
2019-10-20,1,PM25,3.975009638625
2019-10-21,4,PM10,16.80546875
2019-10-21,4,PM25,12.60259375
2019-10-21,3,PM10,25.43197222111111
2019-10-21,3,PM25,9.918935922777777
2019-10-21,2,PM10,19.788909722222222
2019-10-21,2,PM25,6.8301375435
2019-10-21,1,PM10,14.777291666250001
2019-10-21,1,PM25,3.8356553028750002
2019-10-22,4,PM10,18.450333335
2019-10-22,4,PM25,13.784416665
2019-10-22,3,PM10,27.916892063333332
2019-10-22,3,PM25,12.659373887
2019-10-22,2,PM10,21.019426944166668
2019-10-22,2,PM25,7.573484983916667
2019-10-22,1,PM10,18.4964479175
2019-10-22,1,PM25,4.04865849375
2019-10-23,4,PM10,21.72778125
2019-10-23,4,PM25,18.374875
2019-10-23,3,PM10,32.630356227777774
2019-10-23,3,PM25,15.355294351444444
2019-10-23,2,PM10,25.36086402138889
2019-10-23,2,PM25,9.673991662944445
2019-10-23,1,PM10,22.22593229
2019-10-23,1,PM25,6.278424777625
2019-10-24,4,PM10,15.893166667500001
2019-10-24,4,PM25,12.452041665
2019-10-24,3,PM10,37.531819846666664
2019-10-24,3,PM25,16.075945769555556
2019-10-24,2,PM10,37.66807872583333
2019-10-24,2,PM25,14.864407619444442
2019-10-24,1,PM10,25.0647031275
2019-10-24,1,PM25,8.090018601625
2019-10-25,4,PM10,11.4079196425
2019-10-25,4,PM25,7.52966815425
2019-10-25,3,PM10,34.368476853333334
2019-10-25,3,PM25,11.499153725777779
2019-10-25,2,PM10,52.29311504416667
2019-10-25,2,PM25,18.191728712222222
2019-10-25,1,PM10,53.75636458375
2019-10-25,1,PM25,10.634455821625
2019-10-26,4,PM10,36.5187083325
2019-10-26,4,PM25,6.08448958425
2019-10-26,3,PM10,99.21624797999999
2019-10-26,3,PM25,21.501515303333335
2019-10-26,2,PM10,67.96049358444445
2019-10-26,2,PM25,16.571272648805557
2019-10-26,1,PM10,36.62979166625
2019-10-26,1,PM25,6.97304710125
2019-10-27,4,PM10,24.691375
2019-10-27,4,PM25,5.19254166575
2019-10-27,3,PM10,47.45518055666667
2019-10-27,3,PM25,10.815606457777777
2019-10-27,2,PM10,26.91867718361111
2019-10-27,2,PM25,7.927672178194445
2019-10-27,1,PM10,13.552177085
2019-10-27,1,PM25,3.6958575377500003
2019-10-28,4,PM10,18.297645835
2019-10-28,4,PM25,9.5296354175
2019-10-28,3,PM10,52.78376993111111
2019-10-28,3,PM25,21.22021473811111
2019-10-28,2,PM10,27.45608877436111
2019-10-28,2,PM25,8.209783150972221
2019-10-28,1,PM10,14.006255209999999
2019-10-28,1,PM25,3.3948493207499997
2019-10-29,4,PM10,24.660947917500003
2019-10-29,4,PM25,17.416927082500003
2019-10-29,3,PM10,47.87524537
2019-10-29,3,PM25,21.677659113333334
2019-10-29,2,PM10,43.529947390555556
2019-10-29,2,PM25,21.12757520777778
2019-10-29,1,PM10,29.98227604125
2019-10-29,1,PM25,11.623238495375
2019-10-30,4,PM10,16.6325729175
2019-10-30,4,PM25,9.257031249999999
2019-10-30,3,PM10,54.43306700111111
2019-10-30,3,PM25,22.165453396666667
2019-10-30,2,PM10,87.70472094027778
2019-10-30,2,PM25,50.43804751777778
2019-10-30,1,PM10,41.57309375
2019-10-30,1,PM25,18.483246829125
2019-10-31,4,PM10,25.170739582499998
2019-10-31,4,PM25,18.2561458325
2019-10-31,3,PM10,53.16349669333333
2019-10-31,3,PM25,22.111441886666668
2019-10-31,2,PM10,81.93095184972223
2019-10-31,2,PM25,49.83068086
2019-10-31,1,PM10,50.3601145825
2019-10-31,1,PM25,27.704869792125002
2019-11-01,4,PM10,11.979802082500001
2019-11-01,4,PM25,8.498625
2019-11-01,3,PM10,60.31887036888889
2019-11-01,3,PM25,28.50946988888889
2019-11-01,2,PM10,55.26542281
2019-11-01,2,PM25,30.818727615833332
2019-11-01,1,PM10,44.4458333325
2019-11-01,1,PM25,20.15587975625
2019-11-02,4,PM10,8.735958332500001
2019-11-02,4,PM25,5.38940625
2019-11-02,3,PM10,29.78246296333333
2019-11-02,3,PM25,11.619624518444445
2019-11-02,2,PM10,47.45351052138889
2019-11-02,2,PM25,23.519965943055556
2019-11-02,1,PM10,44.3472239525
2019-11-02,1,PM25,14.03951109625
2019-11-03,4,PM10,8.4201979175
2019-11-03,4,PM25,4.4814791675
2019-11-03,3,PM10,26.990462962222225
2019-11-03,3,PM25,8.03558283511111
2019-11-03,2,PM10,39.69305268777778
2019-11-03,2,PM25,17.011885259527777
2019-11-03,1,PM10,23.22525724625
2019-11-03,1,PM25,10.5151541475
2019-11-04,4,PM10,3.07505208325
2019-11-04,4,PM25,1.9802708335
2019-11-04,3,PM10,7.407235507555555
2019-11-04,3,PM25,3.248204055
2019-11-04,2,PM10,9.455388628888889
2019-11-04,2,PM25,4.8701570611388885
2019-11-04,1,PM10,7.580067790125
2019-11-04,1,PM25,3.671030097125
2019-11-05,4,PM10,6.388
2019-11-05,4,PM25,1.7756589675
2019-11-05,3,PM10,8.117451259666668
2019-11-05,3,PM25,2.826743295777778
2019-11-05,2,PM10,11.900942226444444
2019-11-05,2,PM25,4.5870716118055554
2019-11-05,1,PM10,7.908096117875
2019-11-05,1,PM25,3.8707383928750003
2019-11-06,4,PM10,4.0833541664999995
2019-11-06,4,PM25,1.831777174
2019-11-06,3,PM10,14.901550925555556
2019-11-06,3,PM25,4.076816385777778
2019-11-06,2,PM10,16.69235215480556
2019-11-06,2,PM25,5.706517962083334
2019-11-06,1,PM10,16.14794025875
2019-11-06,1,PM25,3.731755741125
2019-11-07,4,PM10,29.905020835000002
2019-11-07,4,PM25,5.50196875075
2019-11-07,3,PM10,70.21106481888889
2019-11-07,3,PM25,17.220641940333334
2019-11-07,2,PM10,53.89498287
2019-11-07,2,PM25,12.487036849972222
2019-11-07,1,PM10,21.387578125
2019-11-07,1,PM25,4.04519600225
2019-11-08,4,PM10,63.88778125
2019-11-08,4,PM25,8.715510417499999
2019-11-08,3,PM10,85.52762963
2019-11-08,3,PM25,19.349899293666667
2019-11-08,2,PM10,44.445630765000004
2019-11-08,2,PM25,11.38837842188889
2019-11-08,1,PM10,21.780787591625
2019-11-08,1,PM25,4.017230913625
2019-11-09,4,PM10,34.32728125
2019-11-09,4,PM25,4.3035507245
2019-11-09,3,PM10,24.45473611222222
2019-11-09,3,PM25,5.321724000222222
2019-11-09,2,PM10,12.507766922638888
2019-11-09,2,PM25,4.374149110944445
2019-11-09,1,PM10,6.384435008625
2019-11-09,1,PM25,2.460951772125
2019-11-10,4,PM10,9.907656249999999
2019-11-10,4,PM25,2.0636041667500002
2019-11-10,3,PM10,23.39214730666667
2019-11-10,3,PM25,5.492148634777778
2019-11-10,2,PM10,18.11040046286111
2019-11-10,2,PM25,5.754413691027778
2019-11-10,1,PM10,9.42932812375
2019-11-10,1,PM25,1.917875020625
2019-11-11,4,PM10,28.476604175
2019-11-11,4,PM25,23.848906249250003
2019-11-11,3,PM10,18.323555556666665
2019-11-11,3,PM25,5.466102758222222
2019-11-11,2,PM10,40.69442429475
2019-11-11,2,PM25,20.995907038444443
2019-11-11,1,PM10,20.919922328749998
2019-11-11,1,PM25,7.357228858
2019-11-12,4,PM10,40.7862708425
2019-11-12,4,PM25,9.301052085
2019-11-12,3,PM10,95.11163888888889
2019-11-12,3,PM25,23.419282104444445
2019-11-12,2,PM10,108.74790097500001
2019-11-12,2,PM25,37.771857958527775
2019-11-12,1,PM10,54.704385195
2019-11-12,1,PM25,10.923510745625
2019-11-13,4,PM10,41.3037604175
2019-11-13,4,PM25,8.00867708425
2019-11-13,3,PM10,30.545735268888887
2019-11-13,3,PM25,8.093898322
2019-11-13,2,PM10,25.53135964297222
2019-11-13,2,PM25,8.541401065222223
2019-11-13,1,PM10,14.5269708475
2019-11-13,1,PM25,4.54586520075
2019-11-14,4,PM10,7.8285104175
2019-11-14,4,PM25,2.04070833325
2019-11-14,3,PM10,28.69316666555555
2019-11-14,3,PM25,7.325952462666667
2019-11-14,2,PM10,36.03727480083333
2019-11-14,2,PM25,13.6949424385
2019-11-14,1,PM10,13.84916146
2019-11-14,1,PM25,3.107985119
2019-11-15,4,PM10,7.9840104175
2019-11-15,4,PM25,2.2261041665
2019-11-15,3,PM10,32.37877778
2019-11-15,3,PM25,7.380622881222223
2019-11-15,2,PM10,40.435209389444445
2019-11-15,2,PM25,13.075474809166668
2019-11-15,1,PM10,17.13088428375
2019-11-15,1,PM25,4.526646587375
2019-11-16,4,PM10,26.590854167499998
2019-11-16,4,PM25,19.928208333249998
2019-11-16,3,PM10,44.04155555555556
2019-11-16,3,PM25,15.525861869666667
2019-11-16,2,PM10,32.60403703694445
2019-11-16,2,PM25,10.339860071222223
2019-11-16,1,PM10,16.2057916675
2019-11-16,1,PM25,4.75296173
2019-11-17,4,PM10,39.967479157499994
2019-11-17,4,PM25,31.486135416750002
2019-11-17,3,PM10,56.24968611111111
2019-11-17,3,PM25,29.79040914222222
2019-11-17,2,PM10,35.80983121972222
2019-11-17,2,PM25,13.773607757972222
2019-11-17,1,PM10,14.07602604125
2019-11-17,1,PM25,5.227076087
2019-11-18,4,PM10,52.5505312575
2019-11-18,4,PM25,45.805052075
2019-11-18,3,PM10,65.52098778333333
2019-11-18,3,PM25,37.24484810888889
2019-11-18,2,PM10,49.4330341275
2019-11-18,2,PM25,26.571109636444444
2019-11-18,1,PM10,24.42198550625
2019-11-18,1,PM25,11.174319129125
2019-11-19,4,PM10,23.6950416675
2019-11-19,4,PM25,17.044125
2019-11-19,3,PM10,39.28743350222222
2019-11-19,3,PM25,16.34069508111111
2019-11-19,2,PM10,65.10168349666667
2019-11-19,2,PM25,39.69415564311111
2019-11-19,1,PM10,23.25119452
2019-11-19,1,PM25,7.515943592625
2019-11-20,4,PM10,80.1142196875
2019-11-20,4,PM25,70.09019128
2019-11-20,3,PM10,56.68463678555556
2019-11-20,3,PM25,22.554831416666666
2019-11-20,2,PM10,30.90668841305556
2019-11-20,2,PM25,12.651137778361111
2019-11-20,1,PM10,15.4213887075
2019-11-20,1,PM25,4.245758138875
2019-11-21,4,PM10,73.683694925
2019-11-21,4,PM25,61.054880957500004
2019-11-21,3,PM10,93.35657661555555
2019-11-21,3,PM25,56.209413865555554
2019-11-21,2,PM10,95.28800628722223
2019-11-21,2,PM25,57.78469104749999
2019-11-21,1,PM10,68.29898437875
2019-11-21,1,PM25,33.800025815
2019-11-22,4,PM10,43.0450416575
2019-11-22,4,PM25,13.674734375
2019-11-22,3,PM10,112.01609087
2019-11-22,3,PM25,42.92885828
2019-11-22,2,PM10,79.04174713722222
2019-11-22,2,PM25,35.912054293611114
2019-11-22,1,PM10,37.77575464125
2019-11-22,1,PM25,16.31177604125
2019-11-23,4,PM10,75.02380729250001
2019-11-23,4,PM25,54.29859374
2019-11-23,3,PM10,60.81260879555556
2019-11-23,3,PM25,26.071050562222222
2019-11-23,2,PM10,42.96770281111111
2019-11-23,2,PM25,16.136127663055554
2019-11-23,1,PM10,22.06314583375
2019-11-23,1,PM25,6.760216145375
2019-11-24,4,PM10,37.5151666675
2019-11-24,4,PM25,31.354072915
2019-11-24,3,PM10,27.96992361222222
2019-11-24,3,PM25,15.334772758555554
2019-11-24,2,PM10,22.833476524722222
2019-11-24,2,PM25,8.904179140638888
2019-11-24,1,PM10,16.18864322875
2019-11-24,1,PM25,5.389976562625
2019-11-25,4,PM10,34.366552085
2019-11-25,4,PM25,25.596150135749998
2019-11-25,3,PM10,38.17004118444444
2019-11-25,3,PM25,18.394866919888887
2019-11-25,2,PM10,35.99306806888889
2019-11-25,2,PM25,16.82299323188889
2019-11-25,1,PM10,25.57625521
2019-11-25,1,PM25,8.8399198375
2019-11-26,4,PM10,88.1038958425
2019-11-26,4,PM25,25.798067707500003
2019-11-26,3,PM10,225.64587037
2019-11-26,3,PM25,59.17024274222222
2019-11-26,2,PM10,158.88668315083333
2019-11-26,2,PM25,40.11904080194444
2019-11-26,1,PM10,63.07341101375
2019-11-26,1,PM25,14.416038156375
2019-11-27,4,PM10,153.494802075
2019-11-27,4,PM25,28.5868229175
2019-11-27,3,PM10,80.66087963000001
2019-11-27,3,PM25,16.976385387
2019-11-27,2,PM10,29.500647359444443
2019-11-27,2,PM25,10.6260785475
2019-11-27,1,PM10,16.3696791225
2019-11-27,1,PM25,7.2580901273750005
2019-11-28,4,PM10,65.527916675
2019-11-28,4,PM25,29.895343752499997
2019-11-28,3,PM10,77.43466203666668
2019-11-28,3,PM25,32.47060235
2019-11-28,2,PM10,61.71562027138889
2019-11-28,2,PM25,24.71171739313889
2019-11-28,1,PM10,32.6321394225
2019-11-28,1,PM25,10.587424914375
2019-11-29,4,PM10,43.9815
2019-11-29,4,PM25,20.56659375
2019-11-29,3,PM10,91.63224074444445
2019-11-29,3,PM25,37.80729677555556
2019-11-29,2,PM10,86.48514658694445
2019-11-29,2,PM25,37.607535633333335
2019-11-29,1,PM10,46.665096875
2019-11-29,1,PM25,17.686606084624998
2019-11-30,4,PM10,31.7592708325
2019-11-30,4,PM25,15.307677083249999
2019-11-30,3,PM10,66.92033152222223
2019-11-30,3,PM25,20.17887493944444
2019-11-30,2,PM10,58.863868599722224
2019-11-30,2,PM25,25.68823885922222
2019-11-30,1,PM10,32.4153222375
2019-11-30,1,PM25,16.830117979625
2019-12-01,4,PM10,19.70632143
2019-12-01,4,PM25,4.4692738085000006
2019-12-01,3,PM10,59.35087724888889
2019-12-01,3,PM25,18.285214032444443
2019-12-01,2,PM10,37.01224464222222
2019-12-01,2,PM25,13.757413226138889
2019-12-01,1,PM10,18.814798808750002
2019-12-01,1,PM25,6.1901657735
2019-12-02,4,PM10,132.82228125
2019-12-02,4,PM25,19.68959194
2019-12-02,3,PM10,130.18480190444444
2019-12-02,3,PM25,26.313804556666668
2019-12-02,2,PM10,70.12083455177778
2019-12-02,2,PM25,37.821397577111114
2019-12-02,1,PM10,10.426412405
2019-12-02,1,PM25,2.984869771125
2019-12-03,4,PM10,113.028645825
2019-12-03,4,PM25,21.5839791675
2019-12-03,3,PM10,68.09263666
2019-12-03,3,PM25,14.786237847444445
2019-12-03,2,PM10,65.66098472741666
2019-12-03,2,PM25,42.079680892027774
2019-12-03,1,PM10,13.2851287875
2019-12-03,1,PM25,3.23155753
2019-12-04,4,PM10,31.7392604175
2019-12-04,4,PM25,15.025853712249999
2019-12-04,3,PM10,49.00997949777778
2019-12-04,3,PM25,15.387288552222222
2019-12-04,2,PM10,72.62675044777778
2019-12-04,2,PM25,47.14195356258333
2019-12-04,1,PM10,18.90092628125
2019-12-04,1,PM25,4.597447177625
2019-12-05,4,PM10,54.8064479275
2019-12-05,4,PM25,38.040302075
2019-12-05,3,PM10,55.19573611111111
2019-12-05,3,PM25,21.303546623666666
2019-12-05,2,PM10,100.12750112666667
2019-12-05,2,PM25,58.13665072161112
2019-12-05,1,PM10,23.33785714375
2019-12-05,1,PM25,5.879946428125
2019-12-06,4,PM10,50.5130104175
2019-12-06,4,PM25,30.7000520835
2019-12-06,3,PM10,86.63264815111111
2019-12-06,3,PM25,34.35622734177778
2019-12-06,2,PM10,78.17065576777777
2019-12-06,2,PM25,35.70153651436111
2019-12-06,1,PM10,36.2530885425
2019-12-06,1,PM25,17.255800724625
2019-12-07,4,PM10,52.947375
2019-12-07,4,PM25,35.07266666425
2019-12-07,3,PM10,104.45599537
2019-12-07,3,PM25,48.14623858033334
2019-12-07,2,PM10,90.82815509138888
2019-12-07,2,PM25,41.761022356527775
2019-12-07,1,PM10,28.56595312625
2019-12-07,1,PM25,12.909435132875
2019-12-08,4,PM10,150.3711916775
2019-12-08,4,PM25,134.573976985
2019-12-08,3,PM10,82.99134722222222
2019-12-08,3,PM25,46.27311650888888
2019-12-08,2,PM10,36.6121018525
2019-12-08,2,PM25,18.848421980916665
2019-12-08,1,PM10,22.249911457499998
2019-12-08,1,PM25,8.16041145875
2019-12-09,4,PM10,75.6290312575
2019-12-09,4,PM25,59.892135425
2019-12-09,3,PM10,95.3872544
2019-12-09,3,PM25,51.65126067222222
2019-12-09,2,PM10,76.49818408138889
2019-12-09,2,PM25,45.75267651722223
2019-12-09,1,PM10,71.3913541675
2019-12-09,1,PM25,43.46321875375
2019-12-10,4,PM10,62.24539109
2019-12-10,4,PM25,43.5354289775
2019-12-10,3,PM10,100.8963287
2019-12-10,3,PM25,47.24585900222222
2019-12-10,2,PM10,124.98168038555556
2019-12-10,2,PM25,77.01016077055556
2019-12-10,1,PM10,70.2701979125
2019-12-10,1,PM25,41.544478221249996
2019-12-11,4,PM10,44.43047822
2019-12-11,4,PM25,26.760532195
2019-12-11,3,PM10,86.92074194777778
2019-12-11,3,PM25,41.02496183777778
2019-12-11,2,PM10,67.63155594194444
2019-12-11,2,PM25,36.49464188391667
2019-12-11,1,PM10,32.20359375
2019-12-11,1,PM25,13.71696949375
2019-12-12,4,PM10,34.780302085
2019-12-12,4,PM25,22.9976979175
2019-12-12,3,PM10,58.48935648222222
2019-12-12,3,PM25,26.341209144444445
2019-12-12,2,PM10,36.629060626666664
2019-12-12,2,PM25,18.532758378194444
2019-12-12,1,PM10,24.23672023875
2019-12-12,1,PM25,12.11417534725
2019-12-13,4,PM10,25.873125
2019-12-13,4,PM25,18.0414270825
2019-12-13,3,PM10,30.617087542222222
2019-12-13,3,PM25,14.735542656888889
2019-12-13,2,PM10,25.414166613055556
2019-12-13,2,PM25,11.288002242527778
2019-12-13,1,PM10,22.69594270875
2019-12-13,1,PM25,8.04693229175
2019-12-14,4,PM10,20.738072915
2019-12-14,4,PM25,12.131421131
2019-12-14,3,PM10,46.54775462888889
2019-12-14,3,PM25,20.88494625855556
2019-12-14,2,PM10,49.89217182388889
2019-12-14,2,PM25,26.09202652372222
2019-12-14,1,PM10,34.36709374875
2019-12-14,1,PM25,18.654667345
2019-12-15,4,PM10,28.44671875
2019-12-15,4,PM25,17.55239538
2019-12-15,3,PM10,46.41193055555556
2019-12-15,3,PM25,20.77998272888889
2019-12-15,2,PM10,46.874350328055556
2019-12-15,2,PM25,26.12541458833333
2019-12-15,1,PM10,35.69836277
2019-12-15,1,PM25,18.1760197215
2019-12-16,4,PM10,44.9946696425
2019-12-16,4,PM25,26.19439732
2019-12-16,3,PM10,77.65967129555555
2019-12-16,3,PM25,30.636682267777775
2019-12-16,2,PM10,48.42524652833333
2019-12-16,2,PM25,24.797210449722222
2019-12-16,1,PM10,35.76128958375
2019-12-16,1,PM25,20.5884254975
2019-12-17,4,PM10,67.77578125000001
2019-12-17,4,PM25,52.7355113545
2019-12-17,3,PM10,51.54533201444445
2019-12-17,3,PM25,29.17971549811111
2019-12-17,2,PM10,33.282159164166664
2019-12-17,2,PM25,17.678945760722222
2019-12-17,1,PM10,39.77067210125
2019-12-17,1,PM25,21.486265625
2019-12-18,4,PM10,67.98620266
2019-12-18,4,PM25,53.51333928575
2019-12-18,3,PM10,47.25493176333333
2019-12-18,3,PM25,24.343691835
2019-12-18,2,PM10,50.03510698027778
2019-12-18,2,PM25,28.295848200277774
2019-12-18,1,PM10,71.14799479125
2019-12-18,1,PM25,42.6663854175
2019-12-19,4,PM10,49.88694791
2019-12-19,4,PM25,35.50660778975
2019-12-19,3,PM10,104.7995740811111
2019-12-19,3,PM25,47.27302127788889
2019-12-19,2,PM10,97.39056534277778
2019-12-19,2,PM25,54.01997239944445
2019-12-19,1,PM10,95.37104689125
2019-12-19,1,PM25,73.99612304125
2019-12-20,4,PM10,84.3337291575
2019-12-20,4,PM25,63.36627206
2019-12-20,3,PM10,71.14549520999999
2019-12-20,3,PM25,33.42200700555556
2019-12-20,2,PM10,61.286651094999996
2019-12-20,2,PM25,35.50859493097222
2019-12-20,1,PM10,99.43114338
2019-12-20,1,PM25,81.003288855375
2019-12-21,4,PM10,60.2438020925
2019-12-21,4,PM25,42.5965416675
2019-12-21,3,PM10,102.37326852888889
2019-12-21,3,PM25,43.47161931555556
2019-12-21,2,PM10,85.14975231666666
2019-12-21,2,PM25,45.72878060833333
2019-12-21,1,PM10,105.0071823
2019-12-21,1,PM25,64.83968477875
2019-12-22,4,PM10,66.1904236125
2019-12-22,4,PM25,48.7347152785
2019-12-22,3,PM10,70.72985015
2019-12-22,3,PM25,32.285359917777775
2019-12-22,2,PM10,47.88600438805556
2019-12-22,2,PM25,24.962388613055555
2019-12-22,1,PM10,73.07618750500001
2019-12-22,1,PM25,47.607619787500006
2019-12-23,4,PM10,37.6189895825
2019-12-23,4,PM25,25.69127777925
2019-12-23,3,PM10,35.828825281111115
2019-12-23,3,PM25,16.29078085477778
2019-12-23,2,PM10,47.18581722027778
2019-12-23,2,PM25,24.576968745944445
2019-12-23,1,PM10,69.11691667125
2019-12-23,1,PM25,44.951317707499996
2019-12-24,4,PM10,25.834729165
2019-12-24,4,PM25,17.52016098325
2019-12-24,3,PM10,33.88648148111111
2019-12-24,3,PM25,17.39091925088889
2019-12-24,2,PM10,37.17564496805556
2019-12-24,2,PM25,21.321082387555556
2019-12-24,1,PM10,106.3206538825
2019-12-24,1,PM25,80.1159343375
2019-12-25,4,PM10,14.523385415
2019-12-25,4,PM25,9.1448229175
2019-12-25,3,PM10,21.27076388777778
2019-12-25,3,PM25,10.452403341888889
2019-12-25,2,PM10,28.586182215833333
2019-12-25,2,PM25,15.457477983777778
2019-12-25,1,PM10,38.88133333375
2019-12-25,1,PM25,26.82016666625
2019-12-26,4,PM10,15.843291665
2019-12-26,4,PM25,9.3145520825
2019-12-26,3,PM10,30.842902777777777
2019-12-26,3,PM25,13.958881309666667
2019-12-26,2,PM10,37.608438656666664
2019-12-26,2,PM25,23.864212915916667
2019-12-26,1,PM10,49.33623437875
2019-12-26,1,PM25,32.731656250125
2019-12-27,4,PM10,12.8745520825
2019-12-27,4,PM25,5.9665108695
2019-12-27,3,PM10,36.033791665555555
2019-12-27,3,PM25,14.690206377
2019-12-27,2,PM10,56.472362266666664
2019-12-27,2,PM25,43.02428416969445
2019-12-27,1,PM10,62.87163542125
2019-12-27,1,PM25,45.153970910375
2019-12-28,4,PM10,16.23077083425
2019-12-28,4,PM25,9.0131816125
2019-12-28,3,PM10,37.68884259222222
2019-12-28,3,PM25,15.095803599222222
2019-12-28,2,PM10,35.70772634916667
2019-12-28,2,PM25,16.98511746411111
2019-12-28,1,PM10,54.331046875
2019-12-28,1,PM25,30.62073437375
2019-12-29,4,PM10,13.249104165
2019-12-29,4,PM25,6.14492261825
2019-12-29,3,PM10,44.77572941111111
2019-12-29,3,PM25,18.01016592522222
2019-12-29,2,PM10,53.40838234666667
2019-12-29,2,PM25,25.65730055277778
2019-12-29,1,PM10,80.928235275
2019-12-29,1,PM25,56.06101405
2019-12-30,4,PM10,14.674468749999999
2019-12-30,4,PM25,5.0298958334999995
2019-12-30,3,PM10,60.61049284111112
2019-12-30,3,PM25,24.070061392
2019-12-30,2,PM10,63.32281635416666
2019-12-30,2,PM25,31.151539119444447
2019-12-30,1,PM10,81.58960338125
2019-12-30,1,PM25,54.26715320875
2019-12-31,4,PM10,19.2878125
2019-12-31,4,PM25,8.50101325775
2019-12-31,3,PM10,60.606043279999994
2019-12-31,3,PM25,21.16637109522222
2019-12-31,2,PM10,80.54806971972222
2019-12-31,2,PM25,34.37252369138889
2019-12-31,1,PM10,151.30189687499998
2019-12-31,1,PM25,81.86502604124999
2020-01-01,4,PM10,18.9873735125
2020-01-01,4,PM25,9.5558004015
2020-01-01,3,PM10,73.07548148666666
2020-01-01,3,PM25,27.03103149111111
2020-01-01,2,PM10,65.72400498055555
2020-01-01,2,PM25,32.051962978888895
2020-01-01,1,PM10,114.51993750375
2020-01-01,1,PM25,100.4587916625
2020-01-02,4,PM10,24.5373465875
2020-01-02,4,PM25,10.89598512075
2020-01-02,3,PM10,46.14988611111111
2020-01-02,3,PM25,20.676197878888885
2020-01-02,2,PM10,48.01122752805556
2020-01-02,2,PM25,25.69277243972222
2020-01-02,1,PM10,100.3946818225
2020-01-02,1,PM25,90.90651043
2020-01-03,4,PM10,20.4529479175
2020-01-03,4,PM25,12.43384375
2020-01-03,3,PM10,41.41787500111111
2020-01-03,3,PM25,18.150316240000002
2020-01-03,2,PM10,38.094344212222225
2020-01-03,2,PM25,18.43624146047222
2020-01-03,1,PM10,50.595224432500004
2020-01-03,1,PM25,102.61852455125
2020-01-04,4,PM10,24.1723125
2020-01-04,4,PM25,13.7509270825
2020-01-04,3,PM10,46.67296296333333
2020-01-04,3,PM25,19.099048436666667
2020-01-04,2,PM10,66.41475484555555
2020-01-04,2,PM25,28.90140024277778
2020-01-04,1,PM10,98.902484375
2020-01-04,1,PM25,47.09883333375
2020-01-05,4,PM10,49.345135415
2020-01-05,4,PM25,31.043072915
2020-01-05,3,PM10,107.83918055444445
2020-01-05,3,PM25,44.90311241
2020-01-05,2,PM10,99.75065424777777
2020-01-05,2,PM25,57.12674799333334
2020-01-05,1,PM10,129.69994491625
2020-01-05,1,PM25,158.98470540125
2020-01-06,4,PM10,43.85796875
2020-01-06,4,PM25,27.119375
2020-01-06,3,PM10,44.32819907333334
2020-01-06,3,PM25,19.709402261111112
2020-01-06,2,PM10,37.86393024
2020-01-06,2,PM25,14.400757628833333
2020-01-06,1,PM10,97.949359375
2020-01-06,1,PM25,81.859363255375
2020-01-07,4,PM10,24.4607934775
2020-01-07,4,PM25,13.7025108685
2020-01-07,3,PM10,36.291762229999996
2020-01-07,3,PM25,17.043011646666667
2020-01-07,2,PM10,34.200502031388886
2020-01-07,2,PM25,17.681183832777776
2020-01-07,1,PM10,80.17720268875
2020-01-07,1,PM25,59.86520626625
2020-01-08,4,PM10,20.918125
2020-01-08,4,PM25,13.478697915
2020-01-08,3,PM10,53.882671296666665
2020-01-08,3,PM25,28.43602099
2020-01-08,2,PM10,89.09563106249999
2020-01-08,2,PM25,61.31624418861111
2020-01-08,1,PM10,102.9495156375
2020-01-08,1,PM25,81.8178457925
2020-01-09,4,PM10,44.213086805
2020-01-09,4,PM25,17.77780903
2020-01-09,3,PM10,66.87247221888889
2020-01-09,3,PM25,44.37431782888889
2020-01-09,2,PM10,27.4262269125
2020-01-09,2,PM25,17.866890718277777
2020-01-09,1,PM10,28.611291667125
2020-01-09,1,PM25,22.440921875
2020-01-10,4,PM10,27.0488854175
2020-01-10,4,PM25,15.888333335
2020-01-10,3,PM10,42.40942592666667
2020-01-10,3,PM25,17.512914336666668
2020-01-10,2,PM10,42.86554303444444
2020-01-10,2,PM25,14.809731855555555
2020-01-10,1,PM10,70.34621306625
2020-01-10,1,PM25,15.34068025375
2020-01-11,4,PM10,43.60484375
2020-01-11,4,PM25,14.339635415
2020-01-11,3,PM10,228.82334681222224
2020-01-11,3,PM25,72.43082191666666
2020-01-11,2,PM10,63.239224083888885
2020-01-11,2,PM25,29.097294346666665
2020-01-11,1,PM10,50.81911032625
2020-01-11,1,PM25,44.982668090375
2020-01-12,4,PM10,29.05753125
2020-01-12,4,PM25,15.389125
2020-01-12,3,PM10,52.142439815555555
2020-01-12,3,PM25,23.881054486666667
2020-01-12,2,PM10,56.374905258888894
2020-01-12,2,PM25,33.98480329527777
2020-01-12,1,PM10,81.46713661875
2020-01-12,1,PM25,63.0672760375
2020-01-13,4,PM10,19.8386041675
2020-01-13,4,PM25,8.621885416
2020-01-13,3,PM10,33.72379751333333
2020-01-13,3,PM25,14.956465864444445
2020-01-13,2,PM10,31.35737821666667
2020-01-13,2,PM25,17.387482026249998
2020-01-13,1,PM10,60.0228046875
2020-01-13,1,PM25,43.62397395875
2020-01-14,4,PM10,17.580592805000002
2020-01-14,4,PM25,8.1705397725
2020-01-14,3,PM10,32.623286835555554
2020-01-14,3,PM25,13.290308601444444
2020-01-14,2,PM10,23.089567934722222
2020-01-14,2,PM25,9.31219117336111
2020-01-14,1,PM10,62.93899417875
2020-01-14,1,PM25,35.070915981750005
2020-01-15,4,PM10,11.63117708175
2020-01-15,4,PM25,6.399838509499999
2020-01-15,3,PM10,30.296678744444446
2020-01-15,3,PM25,12.697948526666668
2020-01-15,2,PM10,21.859004185
2020-01-15,2,PM25,8.792378473166666
2020-01-15,1,PM10,51.76337245
2020-01-15,1,PM25,31.467031151875
2020-01-16,4,PM10,11.51237500075
2020-01-16,4,PM25,5.6487184265
2020-01-16,3,PM10,21.08512464888889
2020-01-16,3,PM25,7.320024443222222
2020-01-16,2,PM10,24.247814748333333
2020-01-16,2,PM25,13.21420718461111
2020-01-16,1,PM10,35.2354570075
2020-01-16,1,PM25,19.026556723749998
2020-01-17,4,PM10,9.72672727175
2020-01-17,4,PM25,5.53692267175
2020-01-17,3,PM10,24.83599452888889
2020-01-17,3,PM25,11.620410958777777
2020-01-17,2,PM10,35.639489661111114
2020-01-17,2,PM25,23.705234125833332
2020-01-17,1,PM10,50.8258802075
2020-01-17,1,PM25,34.61217096875
2020-01-18,4,PM10,6.81934438475
2020-01-18,4,PM25,4.35028364425
2020-01-18,3,PM10,14.520225529444446
2020-01-18,3,PM25,8.000820912111111
2020-01-18,2,PM10,18.808975075555555
2020-01-18,2,PM25,11.644363881083333
2020-01-18,1,PM10,23.73693070625
2020-01-18,1,PM25,15.731839545749999
2020-01-19,4,PM10,7.5602720205
2020-01-19,4,PM25,3.3639857695
2020-01-19,3,PM10,14.625657830777776
2020-01-19,3,PM25,6.655685758111111
2020-01-19,2,PM10,13.826243588805555
2020-01-19,2,PM25,6.901583199805556
2020-01-19,1,PM10,20.837382114875002
2020-01-19,1,PM25,8.29014605225
2020-01-20,4,PM10,42.308041675
2020-01-20,4,PM25,10.0080094695
2020-01-20,3,PM10,69.81247466222221
2020-01-20,3,PM25,18.742947496555555
2020-01-20,2,PM10,23.68157865722222
2020-01-20,2,PM25,8.613106072055555
2020-01-20,1,PM10,17.9711430525
2020-01-20,1,PM25,9.204274795625
2020-01-21,4,PM10,31.6632812475
2020-01-21,4,PM25,8.66715625
2020-01-21,3,PM10,58.29009127
2020-01-21,3,PM25,15.306990051333335
2020-01-21,2,PM10,30.21068021972222
2020-01-21,2,PM25,10.002335340944445
2020-01-21,1,PM10,13.01718533725
2020-01-21,1,PM25,6.415799515625
2020-01-22,4,PM10,24.87209375
2020-01-22,4,PM25,7.45804002175
2020-01-22,3,PM10,32.66171295777778
2020-01-22,3,PM25,10.058362093
2020-01-22,2,PM10,32.32977645138889
2020-01-22,2,PM25,9.499211284166668
2020-01-22,1,PM10,30.7322470575
2020-01-22,1,PM25,9.102082671875
2020-01-23,4,PM10,20.47750298
2020-01-23,4,PM25,6.998641081
2020-01-23,3,PM10,75.7746867711111
2020-01-23,3,PM25,16.99973424222222
2020-01-23,2,PM10,132.8259062338889
2020-01-23,2,PM25,22.331177427055554
2020-01-23,1,PM10,155.18319061374999
2020-01-23,1,PM25,24.36121114375
2020-01-24,4,PM10,14.150880953249999
2020-01-24,4,PM25,5.77944024125
2020-01-24,3,PM10,36.64485882333334
2020-01-24,3,PM25,14.443808597111111
2020-01-24,2,PM10,75.87106183361112
2020-01-24,2,PM25,26.9916346625
2020-01-24,1,PM10,84.59328940375
2020-01-24,1,PM25,31.869977356
2020-01-25,4,PM10,31.474427085
2020-01-25,4,PM25,9.71243070825
2020-01-25,3,PM10,38.82454419222222
2020-01-25,3,PM25,14.933113521444445
2020-01-25,2,PM10,46.05501747527778
2020-01-25,2,PM25,13.321262865916667
2020-01-25,1,PM10,54.17252604
2020-01-25,1,PM25,17.525300725
2020-01-26,4,PM10,10.10204660175
2020-01-26,4,PM25,3.9740589035
2020-01-26,3,PM10,15.357560615444445
2020-01-26,3,PM25,6.180662367777778
2020-01-26,2,PM10,23.47736451027778
2020-01-26,2,PM25,9.765124908083333
2020-01-26,1,PM10,34.967203125
2020-01-26,1,PM25,14.088055542
2020-01-27,4,PM10,10.643125000000001
2020-01-27,4,PM25,4.3340163042499995
2020-01-27,3,PM10,24.214449916666666
2020-01-27,3,PM25,9.215967810444445
2020-01-27,2,PM10,35.749561613888886
2020-01-27,2,PM25,16.838152191166667
2020-01-27,1,PM10,31.7335792575
2020-01-27,1,PM25,18.35801769875
2020-01-28,4,PM10,11.39348913
2020-01-28,4,PM25,4.54735610775
2020-01-28,3,PM10,26.08221441222222
2020-01-28,3,PM25,9.278403313888889
2020-01-28,2,PM10,28.38285316
2020-01-28,2,PM25,10.815187152527777
2020-01-28,1,PM10,28.80410968375
2020-01-28,1,PM25,12.04448708325
2020-01-29,4,PM10,15.335364585
2020-01-29,4,PM25,6.9201240532499995
2020-01-29,3,PM10,32.81258153888889
2020-01-29,3,PM25,13.610466062333334
2020-01-29,2,PM10,31.298497395277778
2020-01-29,2,PM25,15.15678750027778
2020-01-29,1,PM10,30.56957903
2020-01-29,1,PM25,14.99459659125
2020-01-30,4,PM10,17.315552082499998
2020-01-30,4,PM25,8.004750906750001
2020-01-30,3,PM10,32.05947604666667
2020-01-30,3,PM25,13.086765539666667
2020-01-30,2,PM10,27.966855044166667
2020-01-30,2,PM25,13.358431201333334
2020-01-30,1,PM10,33.8926148925
2020-01-30,1,PM25,12.971603719374999
2020-01-31,4,PM10,14.24230434875
2020-01-31,4,PM25,6.0247375545
2020-01-31,3,PM10,26.910804152222223
2020-01-31,3,PM25,9.892110615333333
2020-01-31,2,PM10,28.54678803666667
2020-01-31,2,PM25,11.718010596666666
2020-01-31,1,PM10,40.53402717375
2020-01-31,1,PM25,13.882644240625
2020-02-01,4,PM10,13.48200000175
2020-02-01,4,PM25,5.66495549225
2020-02-01,3,PM10,33.09670833333334
2020-02-01,3,PM25,10.540515523333333
2020-02-01,2,PM10,37.737869897500005
2020-02-01,2,PM25,11.627744194083332
2020-02-01,1,PM10,86.09267164875
2020-02-01,1,PM25,17.62165964875
2020-02-02,4,PM10,15.868947915
2020-02-02,4,PM25,7.033145834
2020-02-02,3,PM10,33.56117094
2020-02-02,3,PM25,10.743701910777778
2020-02-02,2,PM10,45.83714046666667
2020-02-02,2,PM25,17.02332003777778
2020-02-02,1,PM10,39.8174889275
2020-02-02,1,PM25,15.67635007675
2020-02-03,4,PM10,38.65242165
2020-02-03,4,PM25,9.4849420295
2020-02-03,3,PM10,31.714402297777774
2020-02-03,3,PM25,11.255394136555557
2020-02-03,2,PM10,29.512275313055554
2020-02-03,2,PM25,12.694872445166666
2020-02-03,1,PM10,33.49980213125
2020-02-03,1,PM25,14.397219914625
2020-02-04,4,PM10,25.656229165
2020-02-04,4,PM25,8.027519021
2020-02-04,3,PM10,37.13164814777778
2020-02-04,3,PM25,13.692849838222223
2020-02-04,2,PM10,37.65993452472222
2020-02-04,2,PM25,17.86098606972222
2020-02-04,1,PM10,42.33772101375
2020-02-04,1,PM25,22.89952839875
2020-02-05,4,PM10,13.97417948925
2020-02-05,4,PM25,5.060750457999999
2020-02-05,3,PM10,21.510675926666668
2020-02-05,3,PM25,7.838261208
2020-02-05,2,PM10,19.187683586666665
2020-02-05,2,PM25,5.834860008444444
2020-02-05,1,PM10,39.44253645875
2020-02-05,1,PM25,13.307075958124999
2020-02-06,4,PM10,6.643034661
2020-02-06,4,PM25,3.2611914140000002
2020-02-06,3,PM10,11.296684975666667
2020-02-06,3,PM25,4.4298212662222225
2020-02-06,2,PM10,13.065541746444445
2020-02-06,2,PM25,4.489941449888889
2020-02-06,1,PM10,27.684928056875002
2020-02-06,1,PM25,12.18432651
2020-02-07,4,PM10,9.56436998575
2020-02-07,4,PM25,3.80092519825
2020-02-07,3,PM10,6.451622182333334
2020-02-07,3,PM25,3.056580543888889
2020-02-07,2,PM10,9.286536720388888
2020-02-07,2,PM25,2.876180758527778
2020-02-07,1,PM10,19.554841107999998
2020-02-07,1,PM25,9.7245816295
2020-02-08,4,PM10,8.08764645925
2020-02-08,4,PM25,3.66491198725
2020-02-08,3,PM10,6.951510527666667
2020-02-08,3,PM25,3.0799768654444444
2020-02-08,2,PM10,14.811693290416665
2020-02-08,2,PM25,4.633614781
2020-02-08,1,PM10,16.697928662
2020-02-08,1,PM25,5.2521829562499995
2020-02-09,4,PM10,5.4368579845000005
2020-02-09,4,PM25,2.48872586775
2020-02-09,3,PM10,5.226084658777777
2020-02-09,3,PM25,2.4108774704444444
2020-02-09,2,PM10,14.244065381611112
2020-02-09,2,PM25,3.8010127454722227
2020-02-09,1,PM10,19.088161910875
2020-02-09,1,PM25,4.759342674125
2020-02-10,4,PM10,8.984395963
2020-02-10,4,PM25,3.30584305525
2020-02-10,3,PM10,8.446990379111112
2020-02-10,3,PM25,3.4196890695555555
2020-02-10,2,PM10,15.187832345972222
2020-02-10,2,PM25,5.235483217611111
2020-02-10,1,PM10,16.8573134785
2020-02-10,1,PM25,6.704486510375
2020-02-11,4,PM10,9.7098229175
2020-02-11,4,PM25,3.81808976975
2020-02-11,3,PM10,11.684462301444444
2020-02-11,3,PM25,4.227870094888889
2020-02-11,2,PM10,17.458441954722222
2020-02-11,2,PM25,5.918179554638889
2020-02-11,1,PM10,21.462050595375
2020-02-11,1,PM25,8.425447085
2020-02-12,4,PM10,8.56433979825
2020-02-12,4,PM25,3.283197953
2020-02-12,3,PM10,12.837055555111112
2020-02-12,3,PM25,5.351507283666667
2020-02-12,2,PM10,13.757340606194443
2020-02-12,2,PM25,4.403968276777778
2020-02-12,1,PM10,13.313022205
2020-02-12,1,PM25,5.824874083875
2020-02-13,4,PM10,9.06094345225
2020-02-13,4,PM25,3.0373602835
2020-02-13,3,PM10,11.903573109222222
2020-02-13,3,PM25,4.4662993954444445
2020-02-13,2,PM10,16.129250976833333
2020-02-13,2,PM25,5.218460966388889
2020-02-13,1,PM10,15.337017122499999
2020-02-13,1,PM25,5.6770062435
2020-02-14,4,PM10,11.32646603425
2020-02-14,4,PM25,3.53322849625
2020-02-14,3,PM10,18.50481723
2020-02-14,3,PM25,6.367923518666667
2020-02-14,2,PM10,17.775761213444444
2020-02-14,2,PM25,5.436981912527778
2020-02-14,1,PM10,17.97830751875
2020-02-14,1,PM25,5.65085969075
2020-02-15,4,PM10,13.663770835000001
2020-02-15,4,PM25,4.8646929345
2020-02-15,3,PM10,19.75519069222222
2020-02-15,3,PM25,6.610646977
2020-02-15,2,PM10,20.08378346027778
2020-02-15,2,PM25,6.918256490805556
2020-02-15,1,PM10,19.0067914775
2020-02-15,1,PM25,6.54151394925
2020-02-16,4,PM10,12.57928125175
2020-02-16,4,PM25,5.209535779
2020-02-16,3,PM10,15.421810395555557
2020-02-16,3,PM25,6.468453970666667
2020-02-16,2,PM10,14.28576604261111
2020-02-16,2,PM25,5.46462398325
2020-02-16,1,PM10,10.896761195375
2020-02-16,1,PM25,5.012186014375
2020-02-17,4,PM10,11.09560416675
2020-02-17,4,PM25,4.17609848475
2020-02-17,3,PM10,9.589754834555556
2020-02-17,3,PM25,3.875113125777778
2020-02-17,2,PM10,11.290044368527779
2020-02-17,2,PM25,4.118844996833333
2020-02-17,1,PM10,10.238047592875
2020-02-17,1,PM25,4.98940474
2020-02-18,4,PM10,11.356810607
2020-02-18,4,PM25,4.75196443375
2020-02-18,3,PM10,16.378319445555558
2020-02-18,3,PM25,5.082748593333333
2020-02-18,2,PM10,19.11920729638889
2020-02-18,2,PM25,6.614014967555556
2020-02-18,1,PM10,30.198309885
2020-02-18,1,PM25,9.98044894525
2020-02-19,4,PM10,30.3611724825
2020-02-19,4,PM25,7.1958268545
2020-02-19,3,PM10,53.08190319777778
2020-02-19,3,PM25,13.789174723333334
2020-02-19,2,PM10,30.969780227694443
2020-02-19,2,PM25,7.032867191194445
2020-02-19,1,PM10,23.98979072
2020-02-19,1,PM25,6.569447226375
2020-02-20,4,PM10,25.68965625
2020-02-20,4,PM25,5.440149123
2020-02-20,3,PM10,22.261395623333335
2020-02-20,3,PM25,6.865049439333333
2020-02-20,2,PM10,19.03603377388889
2020-02-20,2,PM25,6.054667420361111
2020-02-20,1,PM10,17.078505209125
2020-02-20,1,PM25,5.109704644375
2020-02-21,4,PM10,13.0471875025
2020-02-21,4,PM25,4.157844697
2020-02-21,3,PM10,20.432449074444445
2020-02-21,3,PM25,7.262590317444444
2020-02-21,2,PM10,20.832671911111113
2020-02-21,2,PM25,7.7796681997777775
2020-02-21,1,PM10,21.451375
2020-02-21,1,PM25,5.74288290175
2020-02-22,4,PM10,9.06517708425
2020-02-22,4,PM25,3.7914581857500003
2020-02-22,3,PM10,14.362325280777778
2020-02-22,3,PM25,5.376811559
2020-02-22,2,PM10,14.448079142666668
2020-02-22,2,PM25,4.962568523138889
2020-02-22,1,PM10,15.965291665875
2020-02-22,1,PM25,5.5270538425
2020-02-23,4,PM10,8.4768001895
2020-02-23,4,PM25,3.50101299
2020-02-23,3,PM10,13.123615079777778
2020-02-23,3,PM25,4.539630932444444
2020-02-23,2,PM10,14.199968156805555
2020-02-23,2,PM25,4.158153138333334
2020-02-23,1,PM10,16.864218748749998
2020-02-23,1,PM25,5.2272624625
2020-02-24,4,PM10,5.5130484307500005
2020-02-24,4,PM25,2.21394803925
2020-02-24,3,PM10,12.305194443333333
2020-02-24,3,PM25,4.556585438111111
2020-02-24,2,PM10,14.577112452944444
2020-02-24,2,PM25,4.699009871583333
2020-02-24,1,PM10,20.24238267625
2020-02-24,1,PM25,6.09606511275
2020-02-25,4,PM10,9.780749053000001
2020-02-25,4,PM25,3.0657092645
2020-02-25,3,PM10,11.18761111188889
2020-02-25,3,PM25,3.7670114235555556
2020-02-25,2,PM10,15.228301348805555
2020-02-25,2,PM25,4.7911415205
2020-02-25,1,PM10,23.323822915
2020-02-25,1,PM25,6.549492009625
2020-02-26,4,PM10,9.80524728175
2020-02-26,4,PM25,3.13201158125
2020-02-26,3,PM10,11.603218924777778
2020-02-26,3,PM25,3.5531232744444443
2020-02-26,2,PM10,20.3451764125
2020-02-26,2,PM25,6.241596395166667
2020-02-26,1,PM10,27.60671874875
2020-02-26,1,PM25,8.42942511225
2020-02-27,4,PM10,15.774774459
2020-02-27,4,PM25,5.138992029
2020-02-27,3,PM10,25.478476852222222
2020-02-27,3,PM25,7.910913966333333
2020-02-27,2,PM10,31.02854540555556
2020-02-27,2,PM25,8.175128273916666
2020-02-27,1,PM10,32.1471645825
2020-02-27,1,PM25,7.820230858875
2020-02-28,4,PM10,15.78934375
2020-02-28,4,PM25,5.1802925595
2020-02-28,3,PM10,24.309201013333332
2020-02-28,3,PM25,7.619064955222222
2020-02-28,2,PM10,24.276705500277778
2020-02-28,2,PM25,7.859769579722222
2020-02-28,1,PM10,27.209526215
2020-02-28,1,PM25,7.148535683875
2020-02-29,4,PM10,16.54075
2020-02-29,4,PM25,5.6123594695
2020-02-29,3,PM10,22.013412036666665
2020-02-29,3,PM25,7.453264591222222
2020-02-29,2,PM10,19.77016364777778
2020-02-29,2,PM25,5.966133448583333
2020-02-29,1,PM10,24.100979165
2020-02-29,1,PM25,5.775091308375
2020-03-01,4,PM10,12.22537499925
2020-03-01,4,PM25,4.2779774454999995
2020-03-01,3,PM10,19.448578704444444
2020-03-01,3,PM25,6.364324164111111
2020-03-01,2,PM10,21.75417758
2020-03-01,2,PM25,7.152268845805556
2020-03-01,1,PM10,27.21663020875
2020-03-01,1,PM25,7.2433506025
2020-03-02,4,PM10,17.6202083325
2020-03-02,4,PM25,5.7251018375
2020-03-02,3,PM10,27.563272389999998
2020-03-02,3,PM25,8.255473501333334
2020-03-02,2,PM10,33.345919736111114
2020-03-02,2,PM25,9.845149211638889
2020-03-02,1,PM10,37.20266961125
2020-03-02,1,PM25,9.951149850625
2020-03-03,4,PM10,20.514218749999998
2020-03-03,4,PM25,7.255785326
2020-03-03,3,PM10,23.281259258888888
2020-03-03,3,PM25,7.608532578333334
2020-03-03,2,PM10,22.861544899444443
2020-03-03,2,PM25,6.937290423277777
2020-03-03,1,PM10,29.17866145875
2020-03-03,1,PM25,6.606223958375
2020-03-04,4,PM10,17.739264245
2020-03-04,4,PM25,6.14642396475
2020-03-04,3,PM10,15.559694443333333
2020-03-04,3,PM25,5.597522806555556
2020-03-04,2,PM10,17.00987771552778
2020-03-04,2,PM25,5.206429462888888
2020-03-04,1,PM10,15.419249998625
2020-03-04,1,PM25,4.146471851
2020-03-05,4,PM10,14.450691576
2020-03-05,4,PM25,4.3787424242499995
2020-03-05,3,PM10,12.603282407444445
2020-03-05,3,PM25,4.513763832333334
2020-03-05,2,PM10,15.447971285555557
2020-03-05,2,PM25,4.96486048675
2020-03-05,1,PM10,13.457064990625
2020-03-05,1,PM25,5.032688535125
2020-03-06,4,PM10,8.16650465875
2020-03-06,4,PM25,3.552228472
2020-03-06,3,PM10,9.676753163
2020-03-06,3,PM25,3.656728943777778
2020-03-06,2,PM10,13.18257286338889
2020-03-06,2,PM25,5.548708047083333
2020-03-06,1,PM10,11.91127322175
2020-03-06,1,PM25,7.015014296125
2020-03-07,4,PM10,9.68429166675
2020-03-07,4,PM25,3.6613122807500003
2020-03-07,3,PM10,14.383601852666667
2020-03-07,3,PM25,5.195305166444445
2020-03-07,2,PM10,13.886795282000001
2020-03-07,2,PM25,4.919534966694445
2020-03-07,1,PM10,11.58748437375
2020-03-07,1,PM25,4.640605196875
2020-03-08,4,PM10,9.05456567025
2020-03-08,4,PM25,2.9849317315
2020-03-08,3,PM10,12.393458332222222
2020-03-08,3,PM25,4.104223215888889
2020-03-08,2,PM10,10.718249704444444
2020-03-08,2,PM25,3.8919860547500003
2020-03-08,1,PM10,10.365987092375
2020-03-08,1,PM25,5.2361610675
2020-03-09,4,PM10,6.30764394025
2020-03-09,4,PM25,2.5720540615000003
2020-03-09,3,PM10,10.948284090222224
2020-03-09,3,PM25,3.9341059735555555
2020-03-09,2,PM10,11.276793238611113
2020-03-09,2,PM25,4.108452632861112
2020-03-09,1,PM10,11.318343750875
2020-03-09,1,PM25,4.242823452125
2020-03-10,4,PM10,5.86727774675
2020-03-10,4,PM25,2.342940723
2020-03-10,3,PM10,10.776001984111112
2020-03-10,3,PM25,3.7375658981111113
2020-03-10,2,PM10,11.831708861944444
2020-03-10,2,PM25,4.304988808138889
2020-03-10,1,PM10,12.755638541625
2020-03-10,1,PM25,4.505484850375
2020-03-11,4,PM10,8.43545
2020-03-11,4,PM25,2.383213384
2020-03-11,3,PM10,11.077428871
2020-03-11,3,PM25,4.052499819666667
2020-03-11,2,PM10,11.613043135027777
2020-03-11,2,PM25,4.323796986444445
2020-03-11,1,PM10,12.98886011875
2020-03-11,1,PM25,5.489879757375
2020-03-12,4,PM10,7.57453746125
2020-03-12,4,PM25,2.503046801
2020-03-12,3,PM10,11.647361111111111
2020-03-12,3,PM25,3.8732658176666663
2020-03-12,2,PM10,12.193264235194444
2020-03-12,2,PM25,4.640312695222223
2020-03-12,1,PM10,13.1690566125
2020-03-12,1,PM25,4.529744970375
2020-03-13,4,PM10,7.6521479175
2020-03-13,4,PM25,2.97125105025
2020-03-13,3,PM10,11.904968855555556
2020-03-13,3,PM25,4.1487119796666665
2020-03-13,2,PM10,12.976157761527778
2020-03-13,2,PM25,4.914849581277777
2020-03-13,1,PM10,16.754303894125
2020-03-13,1,PM25,4.825107850375
2020-03-14,4,PM10,8.593606693
2020-03-14,4,PM25,2.884545297
2020-03-14,3,PM10,14.204387883222221
2020-03-14,3,PM25,5.119228539777778
2020-03-14,2,PM10,13.803006779
2020-03-14,2,PM25,5.133800767527777
2020-03-14,1,PM10,14.672432292125
2020-03-14,1,PM25,7.563515622875
2020-03-15,4,PM10,6.8081532745
2020-03-15,4,PM25,2.693521925
2020-03-15,3,PM10,12.868490740777778
2020-03-15,3,PM25,4.679162376555556
2020-03-15,2,PM10,12.945657507972221
2020-03-15,2,PM25,4.34453025125
2020-03-15,1,PM10,11.57259375
2020-03-15,1,PM25,4.2666368522500004
2020-03-16,4,PM10,9.44619047775
2020-03-16,4,PM25,3.43453834025
2020-03-16,3,PM10,8.676578042222223
2020-03-16,3,PM25,3.498862429555556
2020-03-16,2,PM10,10.449794841583333
2020-03-16,2,PM25,4.257793182888888
2020-03-16,1,PM10,12.47994642875
2020-03-16,1,PM25,4.494071028875
2020-03-17,4,PM10,7.299666666749999
2020-03-17,4,PM25,2.82604397925
2020-03-17,3,PM10,10.308597221777777
2020-03-17,3,PM25,3.662561622888889
2020-03-17,2,PM10,11.577926031777778
2020-03-17,2,PM25,4.436008603861111
2020-03-17,1,PM10,13.582333332875
2020-03-17,1,PM25,5.5380503039999995
2020-03-18,4,PM10,7.66783799175
2020-03-18,4,PM25,2.9823069445
2020-03-18,3,PM10,13.864964612777777
2020-03-18,3,PM25,4.66123632
2020-03-18,2,PM10,15.748283410888888
2020-03-18,2,PM25,5.8282302235
2020-03-18,1,PM10,21.373106985875
2020-03-18,1,PM25,6.216393980125
2020-03-19,4,PM10,11.62580797175
2020-03-19,4,PM25,4.21974375
2020-03-19,3,PM10,19.055748148888892
2020-03-19,3,PM25,5.397881861777778
2020-03-19,2,PM10,24.826907444722224
2020-03-19,2,PM25,8.224381398666667
2020-03-19,1,PM10,31.517984375
2020-03-19,1,PM25,7.4556521345
2020-03-20,4,PM10,12.3499375
2020-03-20,4,PM25,5.02068303575
2020-03-20,3,PM10,23.733703703333333
2020-03-20,3,PM25,6.7308724717777775
2020-03-20,2,PM10,32.86916452083333
2020-03-20,2,PM25,9.549917460944444
2020-03-20,1,PM10,30.247671875
2020-03-20,1,PM25,7.70484846875
2020-03-21,4,PM10,17.246156250000002
2020-03-21,4,PM25,5.964929089
2020-03-21,3,PM10,30.008305556666667
2020-03-21,3,PM25,9.174096624777778
2020-03-21,2,PM10,27.480356028333333
2020-03-21,2,PM25,8.06343150186111
2020-03-21,1,PM10,22.8412864575
2020-03-21,1,PM25,6.26632077375
2020-03-22,4,PM10,17.11438542
2020-03-22,4,PM25,6.0893065475
2020-03-22,3,PM10,26.96707407222222
2020-03-22,3,PM25,8.956509636777778
2020-03-22,2,PM10,24.663390701111112
2020-03-22,2,PM25,8.70712128325
2020-03-22,1,PM10,21.1497644925
2020-03-22,1,PM25,7.424293376625
2020-03-23,4,PM10,14.08885416675
2020-03-23,4,PM25,4.78559420275
2020-03-23,3,PM10,19.428138887777777
2020-03-23,3,PM25,6.317566178222222
2020-03-23,2,PM10,18.723835918805555
2020-03-23,2,PM25,5.725645729888889
2020-03-23,1,PM10,18.18532812375
2020-03-23,1,PM25,5.61289110125
2020-03-24,4,PM10,8.58311309525
2020-03-24,4,PM25,2.8255805597499997
2020-03-24,3,PM10,15.415467592555554
2020-03-24,3,PM25,4.959608194555555
2020-03-24,2,PM10,16.57715396488889
2020-03-24,2,PM25,5.119911401722223
2020-03-24,1,PM10,18.380031250000002
2020-03-24,1,PM25,5.962580156625
2020-03-25,4,PM10,9.984020835
2020-03-25,4,PM25,3.2712549107499997
2020-03-25,3,PM10,15.927920893111112
2020-03-25,3,PM25,5.046262002333333
2020-03-25,2,PM10,18.077964894722225
2020-03-25,2,PM25,6.4587133985
2020-03-25,1,PM10,23.6705104175
2020-03-25,1,PM25,7.9726711811249995
2020-03-26,4,PM10,6.90380237075
2020-03-26,4,PM25,3.3299611745
2020-03-26,3,PM10,8.557148148444444
2020-03-26,3,PM25,3.3517277235555554
2020-03-26,2,PM10,13.571612105527779
2020-03-26,2,PM25,5.057670271305556
2020-03-26,1,PM10,16.088052082875
2020-03-26,1,PM25,5.347672615625
2020-03-27,4,PM10,10.861620017249999
2020-03-27,4,PM25,3.2594782195
2020-03-27,3,PM10,14.231319445555556
2020-03-27,3,PM25,4.802686363888889
2020-03-27,2,PM10,16.293725364333334
2020-03-27,2,PM25,5.725794781055556
2020-03-27,1,PM10,16.10922916625
2020-03-27,1,PM25,5.537709185625
2020-03-28,4,PM10,8.0843145825
2020-03-28,4,PM25,2.9547470395
2020-03-28,3,PM10,13.257763889222222
2020-03-28,3,PM25,4.656575418222222
2020-03-28,2,PM10,14.094705565527779
2020-03-28,2,PM25,5.3103284305
2020-03-28,1,PM10,15.932461505375
2020-03-28,1,PM25,5.8656514385
2020-03-29,4,PM10,5.317006629000001
2020-03-29,4,PM25,2.65978229025
2020-03-29,3,PM10,9.977624999222222
2020-03-29,3,PM25,3.797411121333333
2020-03-29,2,PM10,11.69886061411111
2020-03-29,2,PM25,4.207826048055555
2020-03-29,1,PM10,15.405401042
2020-03-29,1,PM25,5.099795643875
2020-03-30,4,PM10,7.04336458325
2020-03-30,4,PM25,3.2550441135
2020-03-30,3,PM10,9.489104669888889
2020-03-30,3,PM25,3.906717771555556
2020-03-30,2,PM10,11.206607308416666
2020-03-30,2,PM25,4.909596674972223
2020-03-30,1,PM10,10.78581604075
2020-03-30,1,PM25,5.617123374125
2020-03-31,4,PM10,8.4574062485
2020-03-31,4,PM25,3.756719903
2020-03-31,3,PM10,10.985037037
2020-03-31,3,PM25,4.263772929444444
2020-03-31,2,PM10,15.735121271194446
2020-03-31,2,PM25,6.023933802027778
2020-03-31,1,PM10,18.67215625
2020-03-31,1,PM25,6.339198684125
2020-04-01,4,PM10,10.880803687499998
2020-04-01,4,PM25,5.776329487
2020-04-01,3,PM10,14.643620369666666
2020-04-01,3,PM25,6.4025989901111116
2020-04-01,2,PM10,16.223125352777778
2020-04-01,2,PM25,6.421452162694445
2020-04-01,1,PM10,17.34585937375
2020-04-01,1,PM25,6.585510951875
2020-04-02,4,PM10,7.403062501
2020-04-02,4,PM25,3.35396875
2020-04-02,3,PM10,13.118300925555555
2020-04-02,3,PM25,5.9241820726666665
2020-04-02,2,PM10,14.868281871361111
2020-04-02,2,PM25,6.862632587194444
2020-04-02,1,PM10,14.473265338125
2020-04-02,1,PM25,8.661432535625
2020-04-03,4,PM10,6.6110738645
2020-04-03,4,PM25,3.4043675889999996
2020-04-03,3,PM10,8.892805556444445
2020-04-03,3,PM25,3.9318829986666666
2020-04-03,2,PM10,10.38732903125
2020-04-03,2,PM25,5.466047242138888
2020-04-03,1,PM10,11.516331975125
2020-04-03,1,PM25,5.364539289
2020-04-04,4,PM10,11.49002083325
2020-04-04,4,PM25,3.7257107215
2020-04-04,3,PM10,16.54151851888889
2020-04-04,3,PM25,5.153571175777778
2020-04-04,2,PM10,11.882643098166666
2020-04-04,2,PM25,4.770861183388889
2020-04-04,1,PM10,9.026403635125
2020-04-04,1,PM25,5.02401916275
2020-04-05,4,PM10,8.4774375
2020-04-05,4,PM25,3.446039808
2020-04-05,3,PM10,22.504395531444445
2020-04-05,3,PM25,6.5320234518888896
2020-04-05,2,PM10,16.660796176305556
2020-04-05,2,PM25,5.7273769553888885
2020-04-05,1,PM10,9.33858333325
2020-04-05,1,PM25,4.616437088625
2020-04-06,4,PM10,8.488113225
2020-04-06,4,PM25,3.24320625
2020-04-06,3,PM10,14.010859567555555
2020-04-06,3,PM25,4.368967140444444
2020-04-06,2,PM10,13.823478838555555
2020-04-06,2,PM25,5.147218413555556
2020-04-06,1,PM10,9.905123580375001
2020-04-06,1,PM25,3.98290564125
2020-04-07,4,PM10,4.7879483695000005
2020-04-07,4,PM25,2.36373809525
2020-04-07,3,PM10,12.81643055522222
2020-04-07,3,PM25,4.958990926777777
2020-04-07,2,PM10,12.620916546277776
2020-04-07,2,PM25,4.630455440805556
2020-04-07,1,PM10,13.447333335
2020-04-07,1,PM25,5.5859253055
2020-04-08,4,PM10,4.7401317935
2020-04-08,4,PM25,2.50104166675
2020-04-08,3,PM10,12.657703704111112
2020-04-08,3,PM25,4.917238762555556
2020-04-08,2,PM10,11.734164553055557
2020-04-08,2,PM25,4.69729743025
2020-04-08,1,PM10,11.391458332500001
2020-04-08,1,PM25,5.2111301845
2020-04-09,4,PM10,3.3743986155
2020-04-09,4,PM25,1.9069552005000001
2020-04-09,3,PM10,11.739092593333332
2020-04-09,3,PM25,4.920119993777778
2020-04-09,2,PM10,12.451083333083334
2020-04-09,2,PM25,4.948418132472223
2020-04-09,1,PM10,9.723593749625
2020-04-09,1,PM25,4.724897916
2020-04-10,4,PM10,3.6258146997500003
2020-04-10,4,PM25,2.32539661325
2020-04-10,3,PM10,7.397616143444444
2020-04-10,3,PM25,3.5390311817777778
2020-04-10,2,PM10,8.772539999416667
2020-04-10,2,PM25,4.399927105277778
2020-04-10,1,PM10,7.6644502525
2020-04-10,1,PM25,4.824777279
2020-04-11,4,PM10,4.8724583335
2020-04-11,4,PM25,2.60717708325
2020-04-11,3,PM10,19.605805554777778
2020-04-11,3,PM25,5.788923711333333
2020-04-11,2,PM10,11.887101430833333
2020-04-11,2,PM25,4.622874761777777
2020-04-11,1,PM10,9.462260416625
2020-04-11,1,PM25,3.542682291625
2020-04-12,4,PM10,17.04490909
2020-04-12,4,PM25,5.57621461025
2020-04-12,3,PM10,19.440725107777777
2020-04-12,3,PM25,7.276137097222223
2020-04-12,2,PM10,15.61461658313889
2020-04-12,2,PM25,6.815692424916667
2020-04-12,1,PM10,12.65357954475
2020-04-12,1,PM25,7.217899339375
2020-04-13,4,PM10,10.30771875
2020-04-13,4,PM25,5.22723958425
2020-04-13,3,PM10,17.588874999999998
2020-04-13,3,PM25,6.803233114666666
2020-04-13,2,PM10,22.99043266675
2020-04-13,2,PM25,11.576116962111112
2020-04-13,1,PM10,18.638351675
2020-04-13,1,PM25,10.107863840124999
2020-04-14,4,PM10,10.27522916675
2020-04-14,4,PM25,5.43008333425
2020-04-14,3,PM10,19.329263887777778
2020-04-14,3,PM25,7.285108523222222
2020-04-14,2,PM10,23.984657585194444
2020-04-14,2,PM25,11.3278155005
2020-04-14,1,PM10,25.12179166625
2020-04-14,1,PM25,10.875734375
2020-04-15,4,PM10,8.99689583175
2020-04-15,4,PM25,4.95192708325
2020-04-15,3,PM10,21.40163095222222
2020-04-15,3,PM25,7.868817947555556
2020-04-15,2,PM10,27.73139330833333
2020-04-15,2,PM25,12.329907960472221
2020-04-15,1,PM10,30.3143333325
2020-04-15,1,PM25,12.126466896875
2020-04-16,4,PM10,9.0539375
2020-04-16,4,PM25,4.91102083325
2020-04-16,3,PM10,20.443712963333333
2020-04-16,3,PM25,7.340123764333334
2020-04-16,2,PM10,23.40811458286111
2020-04-16,2,PM25,8.811156426472222
2020-04-16,1,PM10,26.47633333375
2020-04-16,1,PM25,9.45188903925
2020-04-17,4,PM10,11.580718749999999
2020-04-17,4,PM25,4.16702083325
2020-04-17,3,PM10,22.971351851111113
2020-04-17,3,PM25,7.750129876666667
2020-04-17,2,PM10,20.447334696222224
2020-04-17,2,PM25,7.574431411361112
2020-04-17,1,PM10,15.671247736249999
2020-04-17,1,PM25,6.40907623075
2020-04-18,4,PM10,11.11829166675
2020-04-18,4,PM25,6.004944747250001
2020-04-18,3,PM10,17.553888888888892
2020-04-18,3,PM25,7.452080728333333
2020-04-18,2,PM10,20.29721805452778
2020-04-18,2,PM25,8.098548292555556
2020-04-18,1,PM10,17.7528489575
2020-04-18,1,PM25,7.6761875
2020-04-19,4,PM10,9.80709375075
2020-04-19,4,PM25,6.077231431
2020-04-19,3,PM10,17.23928240777778
2020-04-19,3,PM25,6.818364822333333
2020-04-19,2,PM10,21.934635416944445
2020-04-19,2,PM25,11.462786691777778
2020-04-19,1,PM10,18.739625
2020-04-19,1,PM25,8.379103940375
2020-04-20,4,PM10,8.1261041675
2020-04-20,4,PM25,4.43076041575
2020-04-20,3,PM10,18.49861574222222
2020-04-20,3,PM25,6.531581768333334
2020-04-20,2,PM10,23.44988815213889
2020-04-20,2,PM25,9.889460395555554
2020-04-20,1,PM10,21.98813451125
2020-04-20,1,PM25,7.624796874625
2020-04-21,4,PM10,8.58001041825
2020-04-21,4,PM25,4.7324147727499994
2020-04-21,3,PM10,18.697604497
2020-04-21,3,PM25,6.3820091595555555
2020-04-21,2,PM10,26.81196373638889
2020-04-21,2,PM25,8.72705028661111
2020-04-21,1,PM10,26.20482812375
2020-04-21,1,PM25,7.167265625125
2020-04-22,4,PM10,7.652781248249999
2020-04-22,4,PM25,4.82052083325
2020-04-22,3,PM10,19.404657407777776
2020-04-22,3,PM25,6.785439946222223
2020-04-22,2,PM10,23.160030846944444
2020-04-22,2,PM25,8.257530394527778
2020-04-22,1,PM10,24.09289583375
2020-04-22,1,PM25,7.219817481874999
2020-04-23,4,PM10,11.7576104175
2020-04-23,4,PM25,6.649216667499999
2020-04-23,3,PM10,22.842400674444445
2020-04-23,3,PM25,7.499913556444445
2020-04-23,2,PM10,28.646947962777777
2020-04-23,2,PM25,10.235232544611112
2020-04-23,1,PM10,27.055906023749998
2020-04-23,1,PM25,8.188230977625
2020-04-24,4,PM10,11.0488645825
2020-04-24,4,PM25,5.381875
2020-04-24,3,PM10,28.61017592666667
2020-04-24,3,PM25,9.45858956888889
2020-04-24,2,PM10,33.10723352861111
2020-04-24,2,PM25,10.651270756666667
2020-04-24,1,PM10,23.5014947925
2020-04-24,1,PM25,7.138843276375
2020-04-25,4,PM10,10.986760415
2020-04-25,4,PM25,6.132072916
2020-04-25,3,PM10,26.263333333333335
2020-04-25,3,PM25,9.399335327
2020-04-25,2,PM10,28.31993432908333
2020-04-25,2,PM25,11.549318910444445
2020-04-25,1,PM10,25.57843020875
2020-04-25,1,PM25,10.639103314375
2020-04-26,4,PM10,12.3973854175
2020-04-26,4,PM25,7.20866666575
2020-04-26,3,PM10,28.847907407777775
2020-04-26,3,PM25,8.736402517444445
2020-04-26,2,PM10,27.301297784722223
2020-04-26,2,PM25,9.969249314055554
2020-04-26,1,PM10,16.81161797875
2020-04-26,1,PM25,7.555759284500001
2020-04-27,4,PM10,10.8786875
2020-04-27,4,PM25,5.20576041675
2020-04-27,3,PM10,18.727916666666665
2020-04-27,3,PM25,6.801878318555556
2020-04-27,2,PM10,17.895595358222224
2020-04-27,2,PM25,6.2883031766111115
2020-04-27,1,PM10,18.2035677075
2020-04-27,1,PM25,7.998510354125
2020-04-28,4,PM10,6.9103645835
2020-04-28,4,PM25,3.52524999975
2020-04-28,3,PM10,14.691342593666668
2020-04-28,3,PM25,5.191993473111111
2020-04-28,2,PM10,18.665731403694444
2020-04-28,2,PM25,6.315531383833334
2020-04-28,1,PM10,22.15413020875
2020-04-28,1,PM25,7.7982650565
2020-04-29,4,PM10,6.785906250749999
2020-04-29,4,PM25,3.3153873105000002
2020-04-29,3,PM10,14.448078704111111
2020-04-29,3,PM25,4.824746467000001
2020-04-29,2,PM10,15.58765789686111
2020-04-29,2,PM25,7.059675341777778
2020-04-29,1,PM10,13.66736866075
2020-04-29,1,PM25,6.113435764
2020-04-30,4,PM10,9.764815611749999
2020-04-30,4,PM25,2.75116826925
2020-04-30,3,PM10,10.570233092
2020-04-30,3,PM25,3.292757751888889
2020-04-30,2,PM10,7.715281498694444
2020-04-30,2,PM25,4.5933958215
2020-04-30,1,PM10,2.683273518625
2020-04-30,1,PM25,3.561453124875
2020-05-01,4,PM10,3.40334375
2020-05-01,4,PM25,2.0725729165
2020-05-01,3,PM10,8.641018518777777
2020-05-01,3,PM25,3.028883022888889
2020-05-01,2,PM10,8.083241860361111
2020-05-01,2,PM25,3.2287030137222223
2020-05-01,1,PM10,5.60136458325
2020-05-01,1,PM25,2.322218750125
2020-05-02,4,PM10,4.9506208335
2020-05-02,4,PM25,2.55491041675
2020-05-02,3,PM10,9.646532407444445
2020-05-02,3,PM25,3.113771373666667
2020-05-02,2,PM10,10.670704749222223
2020-05-02,2,PM25,3.8744218849166665
2020-05-02,1,PM10,8.707570619624999
2020-05-02,1,PM25,2.871677827375
2020-05-03,4,PM10,5.3639270825
2020-05-03,4,PM25,4.13615625025
2020-05-03,3,PM10,9.837754630111112
2020-05-03,3,PM25,5.211629619
2020-05-03,2,PM10,12.818056713722221
2020-05-03,2,PM25,6.389754511333333
2020-05-03,1,PM10,11.3802187505
2020-05-03,1,PM25,5.262645833375
